pcode,districtPcode,upazilaPcode,nameEn,nameBn
BD40448010,BD4044,BD404480,Abaipur,
BD30599411,BD3059,BD305994,Abdullahpur,
BD10092513,BD1009,BD100925,Abdullapur,
BD20153311,BD2015,BD201533,Abdullapur,
BD40507916,BD4050,BD405079,Abdulpur,
BD55273013,BD5527,BD552730,Abdulpur,
BD10092511,BD1009,BD100925,Abu Bakarpur,
BD45617213,BD4561,BD456172,Achargaon,
BD45612011,BD4561,BD456120,Achim Patuli,
BD45612315,BD4561,BD456123,Achintapur,
BD30484513,BD3048,BD304845,Achmita,
BD10783810,BD1078,BD107838,Adabaria,
BD40503911,BD4050,BD405039,Adabaria,
BD60367116,BD6036,BD603671,Adair,
BD50100613,BD5010,BD501006,Adam Dighi,
BD30480211,BD3048,BD304802,Adampur,
BD60585617,BD6058,BD605856,Adampur,
BD45395811,BD4539,BD453958,Adarbhita,
BD20190911,BD2019,BD201909,Adda,
BD50640610,BD5064,BD506406,Adhaipur,
BD10092514,BD1009,BD100925,Adhakha Nazrul Nagar,
BD30595620,BD3059,BD305956,Adhara,
BD20154713,BD2015,BD201547,Adhunagar,
BD30686412,BD3068,BD306864,Adiabad,
BD20190912,BD2019,BD201909,Adra,
BD20198711,BD2019,BD201987,Adra,
BD45396117,BD4539,BD453961,Adra,
BD10424331,BD1042,BD104243,Adrabunia,
BD20845813,BD2084,BD208458,Adrarak Chara,
BD60908910,BD6090,BD609089,Aftabnagar,
BD20190918,BD2019,BD201909,Aganagar,
BD30263811,BD3026,BD302638,Aganagar,
BD30481121,BD3048,BD304811,Aganagar,
BD40878213,BD4087,BD408782,Agardari,
BD10060313,BD1006,BD100603,Agarpur,
BD45728313,BD4572,BD457283,Agia,
BD30266211,BD3026,BD302662,Agla,
BD50642810,BD5064,BD506428,Agra Digun,
BD50768317,BD5076,BD507683,Ahammedpur,
BD20151217,BD2015,BD201512,Ahla Karaldanga,
BD60362613,BD6036,BD603626,Ahmadabad,
BD50385838,BD5038,BD503858,Ahmmedabad,
BD50640310,BD5064,BD506403,Ahsanganj,
BD20842115,BD2084,BD208421,Aiba Chhara,
BD50648617,BD5064,BD506486,Aihai,
BD40477513,BD4047,BD404775,Aijganti,
BD40507917,BD4050,BD405079,Ailchara,
BD30936613,BD3093,BD309366,Ajgana,
BD20197284,BD2019,BD201972,Ajgara,
BD60360213,BD6036,BD603602,Ajmiriganj,
BD60360299,BD6036,BD603602,Ajmiriganj Paurashava,
BD40479413,BD4047,BD404794,Ajugara,
BD50647512,BD5064,BD506475,Akbarpur,
BD55949414,BD5594,BD559494,Akcha,
BD60587413,BD6058,BD605874,Akhailkura,
BD55949413,BD5594,BD559494,Akhanagar,
BD20120299,BD2012,BD201202,Akhaura Paurashava,
BD50381399,BD5038,BD503813,Akkelpur Paurashava,
BD30298415,BD3029,BD302984,Akter Char,
BD45615223,BD4561,BD456152,Akua,
BD20198110,BD2019,BD201981,Akubpur,
BD55273825,BD5527,BD552738,Aladipur,
BD55852716,BD5585,BD558527,Alam Biditar,
BD40180799,BD4018,BD401807,Alamdanga Paurashava,
BD30933817,BD3093,BD309338,Alamnagar,
BD40507918,BD4050,BD405079,Alampur,
BD50386115,BD5038,BD503861,Alampur,
BD50642821,BD5064,BD506428,Alampur,
BD55859225,BD5585,BD558592,Alampur,
BD60912010,BD6091,BD609120,Alankari,
BD50706617,BD5070,BD507066,Alatuli,
BD30290310,BD3029,BD302903,Alfadanga,
BD30291013,BD3029,BD302910,Algi,
BD20224513,BD2022,BD202245,Ali Akbar Deil,
BD30294713,BD3029,BD302947,Aliabad,
BD55274713,BD5527,BD552747,Alihat,
BD20030431,BD2003,BD200304,Alikadam,
BD20038919,BD2003,BD200389,Alikhong,
BD10066213,BD1006,BD100662,Alimabad,
BD10091812,BD1009,BD100918,Alinagar,
BD30544011,BD3054,BD305440,Alinagar,
BD50703710,BD5070,BD507037,Alinagar,
BD60585619,BD6058,BD605856,Alinagar,
BD60911711,BD6091,BD609117,Alinagar,
BD10785210,BD1078,BD107852,Alipur,
BD30827612,BD3082,BD308276,Alipur,
BD40878216,BD4087,BD408782,Alipur,
BD30686414,BD3068,BD306864,Alipura,
BD30675820,BD3067,BD306758,Alir Tek,
BD60914110,BD6091,BD609141,Alirgaon,
BD20193110,BD2019,BD201931,Alkara,
BD30686020,BD3068,BD306860,Alokbali,
BD30935721,BD3093,BD309357,Alokdia,
BD40182311,BD4018,BD401823,Alokdia,
BD55273015,BD5527,BD552730,Alokdihi,
BD55276015,BD5527,BD552760,Alokjhari,
BD55770413,BD5577,BD557704,Alowa Khowa,
BD20750710,BD2075,BD207507,Alyerapur,
BD40475310,BD4047,BD404753,Amadi,
BD50647517,BD5064,BD506475,Amair,
BD40559510,BD4055,BD405595,Amalsar,
BD20157811,BD2015,BD201578,Amanullah,
BD20750712,BD2075,BD207507,Amanullapur,
BD55777311,BD5577,BD557773,Amarkhana,
BD55273023,BD5527,BD552730,Amarpur,
BD40506317,BD4050,BD405063,Ambaria,
BD40509413,BD4050,BD405094,Ambaria,
BD20758313,BD2075,BD207583,Ambarnagar,
BD30294715,BD3029,BD302947,Ambikapur,
BD20151219,BD2015,BD201512,Amchia,
BD40578714,BD4057,BD405787,Amda,
BD50384717,BD5038,BD503847,Amdai,
BD30686021,BD3068,BD306860,Amdia,
BD55945113,BD5594,BD559451,Amgaon,
BD30548013,BD3054,BD305480,Amgram,
BD20158212,BD2015,BD201582,Amilais,
BD30267215,BD3026,BD302672,Amin Bazar,
BD10092515,BD1009,BD100925,Aminabad,
BD20154710,BD2015,BD201547,Amirabad,
BD20309415,BD2030,BD203094,Amirabad,
BD45619413,BD4561,BD456194,Amirabari,
BD30686410,BD3068,BD306864,Amirganj,
BD40471211,BD4047,BD404712,Amirpur,
BD20758315,BD2075,BD207583,Amisha Para,
BD20304113,BD2030,BD203041,Amjadhat,
BD55940810,BD5594,BD559408,Amjankhore,
BD40578719,BD4057,BD405787,Amjhupi,
BD10785711,BD1078,BD107857,Amkhola,
BD40509414,BD4050,BD405094,Amla,
BD30680711,BD3068,BD306807,Amlaba,
BD10787613,BD1078,BD107876,Amragachhia,
BD10795815,BD1079,BD107958,Amragachhia,
BD10794715,BD1079,BD107947,Amrajuri,
BD20196722,BD2019,BD201967,Amratali,
BD50108516,BD5010,BD501085,Amrool,
BD30261410,BD3026,BD302614,Amta,
BD45612417,BD4561,BD456124,Amtail,
BD60587414,BD6058,BD605874,Amtail,
BD45727413,BD4572,BD457274,Amtala,
BD10040913,BD1004,BD100409,Amtali,
BD20467013,BD2046,BD204670,Amtali,
BD20840710,BD2084,BD208407,Amtali,
BD30355113,BD3035,BD303551,Amtali,
BD10424315,BD1042,BD104243,Amua,
BD60913813,BD6091,BD609138,Amura,
BD30936615,BD3093,BD309366,Anaitara,
BD20304127,BD2030,BD203041,Anandapur,
BD20758721,BD2075,BD207587,Anderchar,
BD10066215,BD1006,BD100662,Andhar Manik,
BD55490613,BD5549,BD554906,Andhari Jhar,
BD20198111,BD2019,BD201981,Andikot,
BD60367177,BD6036,BD603671,Andiurauk,
BD40185519,BD4018,BD401855,Andulbaria,
BD30932815,BD3093,BD309328,Anehola,
BD55276031,BD5527,BD552760,Angar Para,
BD10785519,BD1078,BD107855,Angaria,
BD30866917,BD3086,BD308669,Angaria,
BD55857317,BD5585,BD558573,Annadanagar,
BD20150415,BD2015,BD201504,Anowara,
BD40870415,BD4087,BD408704,Anulia,
BD50387410,BD5038,BD503874,Aolai,
BD45398510,BD4539,BD453985,Aona,
BD20129413,BD2012,BD201294,Aorail,
BD40414710,BD4041,BD404147,Arabpur,
BD30482713,BD3048,BD304827,Araibaria,
BD30670223,BD3067,BD306702,Araihazar,
BD20123312,BD2012,BD201233,Araisidha,
BD50642831,BD5064,BD506428,Aranagar,
BD40472110,BD4047,BD404721,Aranghata,
BD50811021,BD5081,BD508110,Arani,
BD50811000,BD5081,BD508110,Arani Paurashava,
BD30935724,BD3093,BD309357,Arankhola,
BD50694417,BD5069,BD506944,Arbab,
BD40503913,BD4050,BD405039,Aria,
BD50108517,BD5010,BD501085,Aria,
BD30599415,BD3059,BD305994,Arial,
BD30931913,BD3093,BD309319,Arjuna,
BD50694457,BD5069,BD506944,Arjunpur Boromhati,
BD20758013,BD2075,BD207580,Arjuntala,
BD10040915,BD1004,BD100409,Arpangashia,
BD40558511,BD4055,BD405585,Arpara,
BD30861412,BD3086,BD308614,Arshi Nagar,
BD30567811,BD3056,BD305678,Arua,
BD20195415,BD2019,BD201954,Asad Pur,
BD50108518,BD5010,BD501085,Asekpur,
BD60904717,BD6090,BD609047,Asharkandi,
BD60588315,BD6058,BD605883,Ashidron,
BD20132218,BD2013,BD201322,Ashikati,
BD20135813,BD2013,BD201358,Ashrafpur,
BD50761915,BD5076,BD507619,Ashta Manisha,
BD45615225,BD4561,BD456152,Ashtadhar,
BD55490911,BD5549,BD554909,Ashtamir Char,
BD20123314,BD2012,BD201233,Ashugang,
BD30267218,BD3026,BD302672,Ashulia,
BD20758723,BD2075,BD207587,Ashwadia,
BD20156112,BD2015,BD201561,Asia,
BD55276416,BD5527,BD552764,Askarpur,
BD10092519,BD1009,BD100925,Aslampur,
BD45720911,BD4572,BD457209,Asma,
BD40870417,BD4087,BD408704,Assasuni,
BD45724711,BD4572,BD457247,Asujia,
BD30333213,BD3033,BD303332,Atabaha,
BD50765516,BD5076,BD507655,Ataikola,
BD50767215,BD5076,BD507672,Ataikola,
BD50387421,BD5038,BD503874,Atapur,
BD20192747,BD2019,BD201927,Atbar Pur (Paschim Chandina),
BD55272113,BD5527,BD552721,Atgaon,
BD60908623,BD6090,BD609086,Atgaon,
BD30299010,BD3029,BD302990,Atghar,
BD10798717,BD1079,BD107987,Atghar Kuriana,
BD50760599,BD5076,BD507605,Atgharia Paurashava,
BD45613111,BD4561,BD456131,Atharabari,
BD10040923,BD1004,BD100409,Atharagashia,
BD40555721,BD4055,BD405557,Atharakhada,
BD30932311,BD3093,BD309323,Atia,
BD30564613,BD3056,BD305646,Atigram,
BD40015617,BD4001,BD400156,Atjuri,
BD40473011,BD4047,BD404730,Atlia,
BD50109411,BD5010,BD501094,Atmul,
BD30598411,BD3059,BD305984,Atpara,
BD40474819,BD4047,BD404748,Atra Gilatala,
BD40878611,BD4087,BD408786,Atulia,
BD50811220,BD5081,BD508112,Auch Para,
BD55273031,BD5527,BD552730,Aulia Pukur,
BD10789510,BD1078,BD107895,Auliapur,
BD55276417,BD5527,BD552764,Auliapur,
BD55949415,BD5594,BD559494,Auliapur,
BD40657611,BD4065,BD406576,Auria,
BD60367713,BD6036,BD603677,Auskandi,
BD30935728,BD3093,BD309357,Ausnara,
BD30480223,BD3048,BD304802,Austagram,
BD30599423,BD3059,BD305994,Autshahi,
BD10042817,BD1004,BD100428,Ayla Patakata,
BD50387431,BD5038,BD503874,Aymarasulpur,
BD30687610,BD3068,BD306876,Ayubpur,
BD40447110,BD4044,BD404471,Azampur,
BD30291015,BD3029,BD302910,Azimnagar,
BD30562811,BD3056,BD305628,Azimnagar,
BD20157813,BD2015,BD201578,Azimpur,
BD55271713,BD5527,BD552717,Azimpur,
BD20035115,BD2003,BD200351,Aziznagar,
BD40652813,BD4065,BD406528,Babra Hachla,
BD20464315,BD2046,BD204643,Babuchhara,
BD40556610,BD4055,BD405566,Babukhali,
BD30827375,BD3082,BD308273,Babupara,
BD20198172,BD2019,BD201981,Babuti Para,
BD30561017,BD3056,BD305610,Bachamara,
BD55948615,BD5594,BD559486,Bachor,
BD20126318,BD2012,BD201263,Badair,
BD50640621,BD5064,BD506406,Badalgachhi,
BD20751017,BD2075,BD207510,Badalkut,
BD60360227,BD6036,BD603602,Badalpur,
BD30548019,BD3054,BD305480,Badar Pasha,
BD55850316,BD5585,BD558503,Badarganj,
BD10042819,BD1004,BD100428,Badarkhali,
BD20221610,BD2022,BD202216,Badarkhali,
BD10095416,BD1009,BD100954,Badarpur,
BD10789511,BD1078,BD107895,Badarpur,
BD30260413,BD3026,BD302604,Badda,
BD50819427,BD5081,BD508194,Badhair,
BD40013815,BD4001,BD400138,Badhal,
BD55322412,BD5532,BD553224,Badiakhali,
BD30483317,BD3048,BD304833,Badla,
BD10783811,BD1078,BD107838,Baga,
BD40419013,BD4041,BD404190,Bagachra,
BD20309419,BD2030,BD203094,Bagadana,
BD40475311,BD4047,BD404753,Bagali,
BD20153313,BD2015,BD201533,Bagan Bazar,
BD20137911,BD2013,BD201379,Baganbari,
BD45390711,BD4539,BD453907,Bagar Char,
BD60367117,BD6036,BD603671,Bagasura,
BD30295610,BD3029,BD302956,Bagat,
BD50690919,BD5069,BD506909,Bagati Para,
BD50690999,BD5069,BD506909,Bagatipara Paurashava,
BD10060213,BD1006,BD100602,Bagdha,
BD40010899,BD4001,BD400108,Bagerhat Paurashava,
BD60913815,BD6091,BD609138,Bagha,
BD50811099,BD5081,BD508110,Bagha Paurashava,
BD30687621,BD3068,BD306876,Baghaba,
BD20132222,BD2013,BD201322,Baghadi,
BD20840711,BD2084,BD208407,Baghai Chhari,
BD20840799,BD2084,BD208407,Baghaichhari Paurashava,
BD50887816,BD5088,BD508878,Baghbati,
BD45611610,BD4561,BD456116,Baghber,
BD45897030,BD4589,BD458970,Baghber,
BD40410999,BD4041,BD404109,Bagher Para Paurashava,
BD30939537,BD3093,BD309395,Baghil,
BD20193312,BD2019,BD201933,Baghmara,
BD20193313,BD2019,BD201933,Baghmara Uttar,
BD30598413,BD3059,BD305984,Baghra,
BD30561019,BD3056,BD305610,Baghutia,
BD40410410,BD4041,BD404104,Baghutia,
BD40555725,BD4055,BD405557,Bagia,
BD50387442,BD5038,BD503874,Bagjana,
BD20157411,BD2015,BD201574,Bagoan,
BD40576028,BD4057,BD405760,Bagoan,
BD40507116,BD4050,BD405071,Bagulat,
BD40448012,BD4044,BD404480,Bagura,
BD50882721,BD5088,BD508827,Bagutia,
BD45391517,BD4539,BD453915,Bahadurabad,
BD30545410,BD3054,BD305454,Bahadurpur,
BD30827316,BD3082,BD308273,Bahadurpur,
BD40419017,BD4041,BD404190,Bahadurpur,
BD40501513,BD4050,BD405015,Bahadurpur,
BD50646910,BD5064,BD506469,Bahadurpur,
BD30333415,BD3033,BD303334,Bahadursadi,
BD55734517,BD5573,BD557345,Bahagili,
BD40509421,BD4050,BD405094,Bahalbaria,
BD60367125,BD6036,BD603671,Bahara,
BD60908647,BD6090,BD609086,Bahara,
BD40016010,BD4001,BD400160,Baharbunia,
BD20150811,BD2015,BD201508,Baharchhara,
BD20229015,BD2022,BD202290,Baharchhara,
BD30820717,BD3082,BD308207,Baharpur,
BD30938513,BD3093,BD309385,Baheratail,
BD40501527,BD4050,BD405015,Bahir Char,
BD40013410,BD4001,BD400134,Bahirdia Mansa,
BD10785221,BD1078,BD107852,Bahrampur,
BD60360511,BD6036,BD603605,Bahubal,
BD30355811,BD3035,BD303558,Bahugram,
BD50887817,BD5088,BD508878,Bahuli,
BD30936623,BD3093,BD309366,Bahuria,
BD30670424,BD3067,BD306704,Baidyer Bazar,
BD40878220,BD4087,BD408782,Baikari,
BD45619415,BD4561,BD456194,Bailar,
BD20150812,BD2015,BD201508,Bailchhari,
BD20151813,BD2015,BD201518,Bailtali,
BD40017310,BD4001,BD400173,Baintala,
BD45615227,BD4561,BD456152,Baira (kewatkhali),
BD20150419,BD2015,BD201504,Bairag,
BD30485911,BD3048,BD304859,Bairati,
BD45728315,BD4572,BD457283,Bairati,
BD55948223,BD5594,BD559482,Bairchuna,
BD30261411,BD3026,BD302614,Baisakanda,
BD10061021,BD1006,BD100610,Baisari Para,
BD20037319,BD2003,BD200373,Baishari,
BD20197413,BD2019,BD201974,Baishgaon,
BD45898811,BD4589,BD458988,Bajitkhila,
BD30548028,BD3054,BD305480,Bajitpur,
BD30480699,BD3048,BD304806,Bajitpur Paurashava,
BD30680713,BD3068,BD306807,Bajnaba,
BD30595622,BD3059,BD305956,Bajra Jogini,
BD40471710,BD4047,BD404717,Bajua,
BD50811022,BD5081,BD508110,Bajubagha,
BD20197217,BD2019,BD201972,Bakai,
BD10060215,BD1006,BD100602,Bakal,
BD45721812,BD4572,BD457218,Bakaljora,
BD20134975,BD2013,BD201349,Bakila,
BD20305140,BD2030,BD203051,Baksh Mohammad,
BD20198734,BD2019,BD201987,Bakshaganj,
BD30266213,BD3026,BD302662,Bakshanagar,
BD45390723,BD4539,BD453907,Bakshiganj,
BD50815313,BD5081,BD508153,Bakshimail,
BD20191811,BD2019,BD201918,Baksimail,
BD45612017,BD4561,BD456120,Bakta,
BD30675825,BD3067,BD306758,Baktaballi,
BD20153314,BD2015,BD201533,Baktapur,
BD30333417,BD3033,BD303334,Baktarpur,
BD50646013,BD5064,BD506460,Baktiarpur,
BD55945127,BD5594,BD559451,Bakua,
BD10785722,BD1078,BD107857,Bakulbaria,
BD55731213,BD5573,BD557312,Bala Para,
BD60910811,BD6091,BD609108,Balaganj,
BD55733613,BD5573,BD557336,Balagram,
BD40016011,BD4001,BD400160,Balaibunia,
BD45898813,BD4589,BD458988,Balair Char,
BD45724713,BD4572,BD457247,Balaishimul,
BD30562821,BD3056,BD305628,Balara,
BD20199410,BD2019,BD201994,Balarampur,
BD55770427,BD5577,BD557704,Balarampur,
BD55855832,BD5585,BD558558,Balarhat,
BD30568217,BD3056,BD305682,Baldhara,
BD10798719,BD1079,BD107987,Baldia,
BD10799015,BD1079,BD107990,Bali Para,
BD45619419,BD4561,BD456194,Bali Para,
BD20132227,BD2013,BD201322,Balia,
BD30261417,BD3026,BD302614,Balia,
BD45618111,BD4561,BD456181,Balia,
BD55949421,BD5594,BD559494,Balia,
BD50104011,BD5010,BD501040,Balia Dighi,
BD40471223,BD4047,BD404712,Baliadanga,
BD30820719,BD3082,BD308207,Baliakandi,
BD30562211,BD3056,BD305622,Baliakhora,
BD45612023,BD4561,BD456120,Balian,
BD30480617,BD3048,BD304806,Baliardi,
BD10786610,BD1078,BD107866,Baliatali,
BD30567019,BD3056,BD305670,Baliati,
BD30932521,BD3093,BD309325,Balibhadra,
BD50706618,BD5070,BD507066,Balidanga,
BD40556621,BD4055,BD405566,Balidia,
BD20302920,BD2030,BD203029,Baligaon,
BD50387452,BD5038,BD503874,Balighata,
BD30544012,BD3054,BD305440,Baligram,
BD50646014,BD5064,BD506460,Balihar,
BD45395823,BD4539,BD453958,Balijuri,
BD60909210,BD6090,BD609092,Balijuri,
BD45618112,BD4561,BD456181,Balikhan,
BD20039519,BD2003,BD200395,Balipara,
BD30562814,BD3056,BD305628,Balla,
BD30934712,BD3093,BD309347,Balla,
BD30299011,BD3029,BD302990,Ballabhdi,
BD55496111,BD5549,BD554961,Ballabher Khas,
BD55322414,BD5532,BD553224,Ballamjhar,
BD40878227,BD4087,BD408782,Balli,
BD50109510,BD5010,BD501095,Balua,
BD55855817,BD5585,BD558558,Balua Masimpur,
BD30592410,BD3059,BD305924,Baluakandi,
BD50640631,BD5064,BD506406,Balubhara,
BD40444213,BD4044,BD404442,Baluhar,
BD20848727,BD2084,BD208487,Balukhali,
BD30597411,BD3059,BD305974,Balur Char,
BD60366813,BD6036,BD603668,Bamai,
BD55329111,BD5532,BD553291,Bamandanga,
BD55496112,BD5549,BD554961,Bamandanga,
BD40574710,BD4057,BD405747,Bamandi,
BD50384719,BD5038,BD503847,Bambu,
BD10041923,BD1004,BD100419,Bamna,
BD20515811,BD2051,BD205158,Bamni,
BD20221612,BD2022,BD202216,Bamo Bilchari,
BD10069410,BD1006,BD100694,Bamrail,
BD55731517,BD5573,BD557315,Bamunia,
BD30290321,BD3029,BD302903,Bana,
BD30267222,BD3026,BD302672,Banagram,
BD30484519,BD3048,BD304845,Banagram,
BD40016017,BD4001,BD400160,Banagram,
BD55328213,BD5532,BD553282,Banagram,
BD30936631,BD3093,BD309366,Banail,
BD10061010,BD1006,BD100610,Banari Para,
BD55497911,BD5549,BD554979,Bandaber,
BD40410919,BD4041,BD404109,Bandabilla,
BD30670615,BD3067,BD306706,Bandar,
BD20031415,BD2003,BD200314,Bandarban,
BD20031499,BD2003,BD200314,Bandarban Paurashava,
BD30548711,BD3054,BD305487,Bandarkhola,
BD30355115,BD3035,BD303551,Bandhabari,
BD20848713,BD2084,BD208487,Banduk Bhanga,
BD30266220,BD3026,BD302662,Bandura,
BD50818213,BD5081,BD508182,Baneshwar,
BD45896717,BD4589,BD458967,Baneshwardi,
BD20514313,BD2051,BD205143,Bangakha,
BD30480235,BD3048,BD304802,Bangal Para,
BD50889412,BD5088,BD508894,Bangala,
BD20847823,BD2084,BD208478,Bangalhalia,
BD55738523,BD5573,BD557385,Bangalipur,
BD20840723,BD2084,BD208407,Bangaltali,
BD55490638,BD5549,BD554906,Bangasonahat,
BD30595623,BD3059,BD305956,Bangla Bazar,
BD60903386,BD6090,BD609033,Bangla Bazar,
BD55779013,BD5577,BD557790,Banglabandha,
BD20198717,BD2019,BD201987,Bangodda,
BD30934714,BD3093,BD309347,Bangra,
BD30932525,BD3093,BD309325,Baniajan,
BD45720411,BD4572,BD457204,Baniajan,
BD30562223,BD3056,BD305622,Baniajuri,
BD30827614,BD3082,BD308276,Banibaha,
BD45618113,BD4561,BD456181,Banihala,
BD40471713,BD4047,BD404717,Banishanta,
BD20844719,BD2084,BD208447,Banjugi Chhara,
BD40185538,BD4018,BD401855,Banka,
BD40412325,BD4041,BD404123,Bankra,
BD50691500,BD5069,BD506915,Banpara Paurashava,
BD10785231,BD1078,BD107852,Banshbaria,
BD20158616,BD2015,BD201586,Banshbaria,
BD30355816,BD3035,BD303558,Banshbaria,
BD40447111,BD4044,BD404471,Banshbaria,
BD45393613,BD4539,BD453936,Banshchara,
BD40878233,BD4087,BD408782,Banshdaha,
BD30544018,BD3054,BD305440,Banshgari,
BD30686416,BD3068,BD306864,Banshgari,
BD40657613,BD4065,BD406576,Banshgram,
BD30548713,BD3054,BD305487,Banshkandi,
BD20150899,BD2015,BD201508,Banshkhali Paurashava,
BD30936634,BD3093,BD309366,Banshtail,
BD40017311,BD4001,BD400173,Banshtali,
BD50763310,BD5076,BD507633,Banwarinagar,
BD45618127,BD4561,BD456181,Baola,
BD10091814,BD1009,BD100918,Bapta,
BD55857616,BD5585,BD558576,Bara Alampur,
BD10785727,BD1078,BD107857,Bara Baisdia,
BD20225611,BD2022,BD202256,Bara Bakia,
BD40011419,BD4001,BD400114,Bara Baria,
BD40443310,BD4044,BD404433,Bara Bazar,
BD55491813,BD5549,BD554918,Bara Bhita,
BD10789531,BD1078,BD107895,Bara Bighai,
BD50811222,BD5081,BD508112,Bara Bihanali,
BD30685221,BD3068,BD306852,Bara Chapa,
BD60915913,BD6091,BD609159,Bara Chatul,
BD55857622,BD5585,BD558576,Bara Dargah,
BD50881113,BD5088,BD508811,Bara Dhul,
BD30869412,BD3086,BD308694,Bara Gopalpur,
BD20842131,BD2084,BD208421,Bara Harina,
BD50696320,BD5069,BD506963,Bara Harishpur,
BD55855826,BD5585,BD558558,Bara Hazratpur,
BD10063613,BD1006,BD100636,Bara Jalia,
BD20192723,BD2019,BD201927,Bara Karai (uttar Bara Karai),
BD45724011,BD4572,BD457240,Bara Kharpan,
BD20517313,BD2051,BD205173,Bara Kheri,
BD10069421,BD1006,BD100694,Bara Kotha,
BD30869421,BD3086,BD308694,Bara Krishnagar,
BD10795817,BD1079,BD107958,Bara Machhua,
BD20224911,BD2022,BD202249,Bara Maheskhali,
BD10099119,BD1009,BD100991,Bara Malancha,
BD10092116,BD1009,BD100921,Bara Manika,
BD55940831,BD5594,BD559408,Bara Palashbari,
BD50889421,BD5088,BD508894,Bara Pangashi,
BD20193324,BD2019,BD201933,Bara Para,
BD20194010,BD2019,BD201940,Bara Shalghar,
BD55772512,BD5577,BD557725,Bara Shashi,
BD60919419,BD6091,BD609194,Bara Thakuri,
BD20156118,BD2015,BD201561,Bara Uthan,
BD10040939,BD1004,BD100409,Barabagi,
BD55855821,BD5585,BD558558,Barabala,
BD55525520,BD5552,BD555255,Barabari,
BD55940821,BD5594,BD559408,Barabari,
BD45612211,BD4561,BD456122,Barabaria,
BD55734525,BD5573,BD557345,Barabhita,
BD55852719,BD5585,BD558527,Barabil,
BD20158619,BD2015,BD201586,Barabkunda,
BD40870425,BD4087,BD408704,Baradal,
BD30670427,BD3067,BD306704,Baradi,
BD40180715,BD4018,BD401807,Baradi,
BD50817227,BD5081,BD508172,Baragachhi,
BD20758317,BD2075,BD207583,Baragaon,
BD55949426,BD5594,BD559494,Baragaon,
BD30484213,BD3048,BD304842,Baragharia,
BD50706619,BD5070,BD507066,Baragharia,
BD20224527,BD2022,BD202245,Baraghop,
BD45616516,BD4561,BD456165,Baragram,
BD60919415,BD6091,BD609194,Barahal,
BD50889414,BD5088,BD508894,Barahar,
BD20154718,BD2015,BD201547,Barahatia,
BD45613113,BD4561,BD456131,Barahit,
BD40010817,BD4001,BD400108,Barai Para,
BD30567028,BD3056,BD305670,Baraid,
BD50691521,BD5069,BD506915,Baraigram,
BD50691599,BD5069,BD506915,Baraigram Paurashava,
BD60913136,BD6091,BD609131,Baraikandi,
BD30598420,BD3059,BD305984,Baraikhali,
BD40016023,BD4001,BD400160,Baraikhali,
BD20128581,BD2012,BD201285,Barail,
BD50386128,BD5038,BD503861,Barail,
BD20221616,BD2022,BD202216,Baraitali,
BD60361131,BD6036,BD603611,Baraiuri,
BD20197512,BD2019,BD201975,Barakanda,
BD30869414,BD3086,BD308694,Barakandi,
BD40507925,BD4050,BD405079,Barakhada,
BD20150428,BD2015,BD201504,Barakhain,
BD55523315,BD5552,BD555233,Barakhata,
BD40474017,BD4047,BD404740,Barakpur,
BD20156115,BD2015,BD201561,Baralia,
BD20151828,BD2015,BD201518,Barama,
BD60586511,BD6058,BD605865,Baramchal,
BD20467017,BD2046,BD204670,Baranala,
BD20193690,BD2019,BD201936,Barapara,
BD20150438,BD2015,BD201504,Barasat,
BD40479427,BD4047,BD404794,Barasat,
BD30827621,BD3082,BD308276,Barat,
BD45726321,BD4572,BD457263,Baratali Banihari,
BD30562235,BD3056,BD305622,Baratia,
BD20192715,BD2019,BD201927,Barera,
BD50648510,BD5064,BD506485,Bargachha,
BD10042828,BD1004,BD100428,Barguna,
BD45720923,BD4572,BD457209,Barhatta,
BD30333025,BD3033,BD303330,Baria,
BD20158628,BD2015,BD201586,Bariadyala,
BD30483325,BD3048,BD304833,Baribari,
BD20128512,BD2012,BD201285,Barikandi,
BD55326713,BD5532,BD553267,Barisal,
BD30333613,BD3033,BD303336,Barishaba,
BD20192739,BD2019,BD201927,Barkait (purba Chandina Uni),
BD20151819,BD2015,BD201518,Barkal,
BD20842147,BD2084,BD208421,Barkal,
BD20194023,BD2019,BD201940,Barkamta,
BD45726310,BD4572,BD457263,Barkashia Biramp,
BD60581413,BD6058,BD605814,Barlekha,
BD60581499,BD6058,BD605814,Barlekha Paurashava,
BD20466123,BD2046,BD204661,Barmachhari,
BD30338621,BD3033,BD303386,Barmi,
BD30359119,BD3035,BD303591,Barni,
BD60581415,BD6058,BD605814,Barni,
BD20155300,BD2015,BD201553,Baroiar Hat Paurashava,
BD30266227,BD3026,BD302662,Barrah,
BD50646021,BD5064,BD506460,Barshail,
BD10063223,BD1006,BD100632,Barthi,
BD30266233,BD3026,BD302662,Baruakhali,
BD30487915,BD3048,BD304879,Barudia,
BD50888910,BD5088,BD508889,Baruhas,
BD40509429,BD4050,BD405094,Barui Para,
BD10428413,BD1042,BD104284,Baruia,
BD20190999,BD2019,BD201909,Barura Paurashava,
BD30597413,BD3059,BD305974,Basail,
BD30930911,BD3093,BD309309,Basail,
BD30333023,BD3033,BD303330,Basan,
BD10424017,BD1042,BD104240,Basanda,
BD30827629,BD3082,BD308276,Basantapur,
BD45616517,BD4561,BD456165,Basati,
BD20514314,BD2051,BD205143,Basikpur,
BD30263813,BD3026,BD302638,Basta,
BD50811224,BD5081,BD508112,Basu Para,
BD40410915,BD4041,BD404109,Basuari,
BD20121317,BD2012,BD201213,Basudeb,
BD50813422,BD5081,BD508134,Basudebpur,
BD40414711,BD4041,BD404147,Basundia,
BD20752199,BD2075,BD207521,Basurhat Paurashava,
BD20754723,BD2075,BD207547,Bataiya,
BD10063231,BD1006,BD100632,Batajore,
BD20192787,BD2019,BD201927,Batakashi (purba Silpur),
BD10066911,BD1006,BD100669,Batamara,
BD50386119,BD5038,BD503861,Batara,
BD40471235,BD4047,BD404712,Batiaghata,
BD30355822,BD3035,BD303558,Batikamari,
BD20193115,BD2019,BD201931,Batisha,
BD20466719,BD2046,BD204667,Batnatali,
BD45390735,BD4539,BD453907,Battajore,
BD20150457,BD2015,BD201504,Battali,
BD40652815,BD4065,BD406528,Bauisena,
BD30484917,BD3048,BD304849,Baulai,
BD30353213,BD3035,BD303532,Baultali,
BD30594415,BD3059,BD305944,Baultali,
BD10783829,BD1078,BD107838,Bauphal,
BD55527013,BD5552,BD555270,Baura,
BD20157820,BD2015,BD201578,Bauria,
BD50811023,BD5081,BD508110,Bausa,
BD60367714,BD6036,BD603677,Bausha,
BD45720935,BD4572,BD457209,Baushi,
BD30592421,BD3059,BD305924,Bausia,
BD30597420,BD3059,BD305974,Bayaragadi,
BD20126331,BD2012,BD201263,Bayek,
BD30548715,BD3054,BD305487,Bayratala Dakshin,
BD30548718,BD3054,BD305487,Bayratala Uttar,
BD20158221,BD2015,BD201582,Bazalia,
BD20758321,BD2075,BD207583,Bazra,
BD55499416,BD5549,BD554994,Bazra,
BD60911717,BD6091,BD609117,Beani Bazar,
BD60911799,BD6091,BD609117,Beani Bazar Paurashava,
BD40182323,BD4018,BD401823,Begampur,
BD20750724,BD2075,BD207507,Begumganj,
BD55499414,BD5549,BD554994,Begumganj,
BD55949417,BD5594,BD559494,Begunbari,
BD60905013,BD6090,BD609050,Beheli,
BD20467035,BD2046,BD204670,Beimar,
BD30594413,BD3059,BD305944,Bejgaon,
BD20758019,BD2075,BD207580,Bejoybagh,
BD30937610,BD3093,BD309376,Bekra,
BD30680720,BD3068,BD306807,Belabo,
BD20842923,BD2084,BD208429,Belai Chhari,
BD55277716,BD5527,BD552777,Belaichandi,
BD20467023,BD2046,BD204670,Belchhari,
BD45392913,BD4539,BD453929,Belgachha,
BD55495217,BD5549,BD554952,Belgachha,
BD40180713,BD4018,BD401807,Belgachhi,
BD20193328,BD2019,BD201933,Belghar,
BD20193329,BD2019,BD201933,Belghar Uttar,
BD55329112,BD5532,BD553291,Belka,
BD50881127,BD5088,BD508811,Belkuchi,
BD50881199,BD5088,BD508811,Belkuchi Paurashava,
BD50818227,BD5081,BD508182,Belpukuria,
BD50886712,BD5088,BD508867,Beltail,
BD40010825,BD4001,BD400108,Bemarta,
BD55271011,BD5527,BD552710,Benail,
BD40419025,BD4041,BD404190,Benapole,
BD40419099,BD4041,BD404190,Benapole Paurashava,
BD55772514,BD5577,BD557725,Benghari Banagram,
BD50761699,BD5076,BD507616,Bera Paurashava,
BD30260419,BD3026,BD302604,Beraid,
BD55496118,BD5549,BD554961,Berubari,
BD40013421,BD4001,BD400134,Betaga,
BD45617215,BD4561,BD456172,Betagair,
BD10044711,BD1004,BD100447,Betagi,
BD20157015,BD2015,BD201570,Betagi,
BD10785242,BD1078,BD107852,Betagi Sankipura,
BD40506325,BD4050,BD405063,Betbaria,
BD20842519,BD2084,BD208425,Betbunia,
BD55273828,BD5527,BD552738,Betdighi,
BD55852721,BD5585,BD558527,Betgari,
BD30354311,BD3035,BD303543,Bethuri,
BD30564611,BD3056,BD305646,Betila Mitara,
BD30599431,BD3059,BD305994,Betka,
BD55326719,BD5532,BD553267,Betkapa,
BD45898815,BD4589,BD458988,Betmari Ghughurakandi,
BD10795825,BD1079,BD107958,Betmore Rajpara,
BD20514315,BD2051,BD205143,Bhabaniganj,
BD50811299,BD5081,BD508112,Bhabanigonj Paurashava,
BD10092916,BD1009,BD100929,Bhabanipur,
BD20190925,BD2019,BD201909,Bhabanipur,
BD45612029,BD4561,BD456120,Bhabanipur,
BD50108817,BD5010,BD501088,Bhabanipur,
BD30592431,BD3059,BD305924,Bhaber Char,
BD50646921,BD5064,BD506469,Bhabicha,
BD45615229,BD4561,BD456152,Bhabkhali,
BD55276047,BD5527,BD552760,Bhabki,
BD30355810,BD3035,BD303558,Bhabrasur,
BD55520210,BD5552,BD555202,Bhadai,
BD60360523,BD6036,BD603605,Bhadeshwar,
BD60913817,BD6091,BD609138,Bhadeshwar,
BD30937612,BD3093,BD309376,Bhadra,
BD40657620,BD4065,BD406576,Bhadrabila,
BD50884419,BD5088,BD508844,Bhadraghat,
BD30548721,BD3054,BD305487,Bhadrasan,
BD50384728,BD5038,BD503847,Bhadsa,
BD20516513,BD2051,BD205165,Bhadur,
BD55276913,BD5527,BD552769,Bhaduria,
BD30598427,BD3059,BD305984,Bhagyakul,
BD20464915,BD2046,BD204649,Bhaibonchhara,
BD30481199,BD3048,BD304811,Bhairab Paurashava,
BD45618118,BD4561,BD456181,Bhaitkandi,
BD30267227,BD3026,BD302672,Bhakurta,
BD55523319,BD5552,BD555233,Bhalaguri,
BD50644712,BD5064,BD506447,Bhalain,
BD45611314,BD4561,BD456113,Bhaluka,
BD45611399,BD4561,BD456113,Bhaluka Paurashava,
BD50818240,BD5081,BD508182,Bhalukgachhi,
BD40473013,BD4047,BD404730,Bhandar Para,
BD55271719,BD5527,BD552717,Bhandara,
BD50102715,BD5010,BD501027,Bhandarbari,
BD10791411,BD1079,BD107914,Bhandaria,
BD30548726,BD3054,BD305487,Bhandarikandi,
BD40471247,BD4047,BD404712,Bhanderkote,
BD30291099,BD3029,BD302910,Bhanga Paurashava,
BD50881140,BD5088,BD508811,Bhangabari,
BD40180723,BD4018,BD401807,Bhangabaria,
BD50703721,BD5070,BD507037,Bhangabaria,
BD55491827,BD5549,BD554918,Bhangamon,
BD45612318,BD4561,BD456123,Bhangnamari,
BD55855837,BD5585,BD558558,Bhangni,
BD50761931,BD5076,BD507619,Bhangura,
BD50761999,BD5076,BD507619,Bhangura Paurashava,
BD20194083,BD2019,BD201940,Bhani,
BD55940842,BD5594,BD559408,Bhanor,
BD30936636,BD3093,BD309366,Bhaora,
BD10060712,BD1006,BD100607,Bhar Pasha,
BD30937614,BD3093,BD309376,Bhara,
BD40874713,BD4087,BD408747,Bhara Simla,
BD10427313,BD1042,BD104273,Bharabpasha,
BD45611317,BD4561,BD456113,Bharadoba,
BD50765517,BD5076,BD507655,Bharara,
BD30261423,BD3026,BD302614,Bhararia,
BD30564615,BD3056,BD305646,Bhararia,
BD20191812,BD2019,BD201918,Bharella,
BD50644713,BD5064,BD506447,Bharso,
BD55328813,BD5532,BD553288,Bhartkhali,
BD20222420,BD2022,BD202224,Bharuakhali,
BD10066223,BD1006,BD100662,Bhasan Char,
BD20195420,BD2019,BD201954,Bhasania,
BD20845827,BD2084,BD208458,Bhasanya Adam,
BD30298419,BD3029,BD302984,Bhashanchar,
BD30260457,BD3026,BD302604,Bhatara,
BD45398521,BD4539,BD453985,Bhatara,
BD60586513,BD6058,BD605865,Bhatera,
BD60902311,BD6090,BD609023,Bhatgaon,
BD30936639,BD3093,BD309366,Bhatgram,
BD50106710,BD5010,BD501067,Bhatgram,
BD55328217,BD5532,BD553282,Bhatgram,
BD60902917,BD6090,BD609029,Bhati Para,
BD20158638,BD2015,BD201586,Bhatiari,
BD20156119,BD2015,BD201561,Bhatikhain,
BD20516514,BD2051,BD205165,Bhatra,
BD50106721,BD5010,BD501067,Bhatra,
BD45898820,BD4589,BD458988,Bhatsala,
BD55945140,BD5594,BD559451,Bhaturia,
BD30299016,BD3029,BD302990,Bhawal,
BD50812531,BD5081,BD508125,Bhaya Lakshmipur,
BD40441410,BD4044,BD404414,Bhayna,
BD30861499,BD3086,BD308614,Bhedarganj Paurashava,
BD10091887,BD1009,BD100918,Bhedaria,
BD50108111,BD5010,BD501081,Bhelabari,
BD55520211,BD5552,BD555202,Bhelabari,
BD10091894,BD1009,BD100918,Bhelu Miah,
BD45899015,BD4589,BD458990,Bhelua,
BD55857628,BD5585,BD558576,Bhendabari,
BD20221622,BD2022,BD202216,Bheola Manik Char,
BD40501599,BD4050,BD405015,Bheramara Paurashava,
BD55276063,BD5527,BD552760,Bherbheri,
BD55273039,BD5527,BD552730,Bhiail,
BD50645015,BD5064,BD506450,Bhimpur,
BD10791423,BD1079,BD107914,Bhitabaria,
BD55496125,BD5549,BD554961,Bhitarband,
BD55731519,BD5573,BD557315,Bhogdabari,
BD55495219,BD5549,BD554952,Bhogdanga,
BD55271213,BD5527,BD552712,Bhognagar,
BD55779027,BD5577,BD557790,Bhojanpur,
BD55779040,BD5577,BD557790,Bhojanpur Debnagar,
BD30866511,BD3086,BD308665,Bhojeshwar,
BD40416110,BD4041,BD404161,Bhojgati,
BD40017317,BD4001,BD400173,Bhojpatia,
BD30676822,BD3067,BD306768,Bholaba,
BD50701818,BD5070,BD507018,Bholahat,
BD20193331,BD2019,BD201933,Bholain (Dakshin),
BD20193333,BD2019,BD201933,Bholain (Uttar),
BD20516519,BD2051,BD205165,Bholakot,
BD40878240,BD4087,BD408782,Bhomra,
BD55948225,BD5594,BD559482,Bhomradaha,
BD50640321,BD5064,BD506403,Bhopara,
BD55523917,BD5552,BD555239,Bhotemari,
BD30931999,BD3093,BD309319,Bhuapur Paurashava,
BD45612420,BD4561,BD456124,Bhubankura,
BD20153319,BD2015,BD201533,Bhujpur,
BD60586510,BD6058,BD605865,Bhukshimail,
BD50767217,BD5076,BD507672,Bhulbaria,
BD30866512,BD3086,BD308665,Bhumkhara,
BD60588319,BD6058,BD605883,Bhunabir,
BD40878615,BD4087,BD408786,Bhurulia,
BD55490619,BD5549,BD554906,Bhurungamari,
BD20842163,BD2084,BD208421,Bhushan Chhara,
BD50694113,BD5069,BD506941,Biaghat,
BD10044723,BD1004,BD100447,Bibichini,
BD40657627,BD4065,BD406576,Bichhali,
BD20128513,BD2012,BD201285,Biddyakut,
BD55497710,BD5549,BD554977,Bidyananda,
BD40413817,BD4041,BD404138,Bidyanandakati,
BD10066231,BD1006,BD100662,Bidyanandapur,
BD50109415,BD5010,BD501094,Bihar,
BD30866518,BD3086,BD308665,Bijhari,
BD55271738,BD5527,BD552717,Bijora,
BD20193335,BD2019,BD201933,Bijoypur,
BD50640642,BD5064,BD506406,Bilasbari,
BD30261813,BD3026,BD302618,Bilaspur,
BD30869429,BD3086,BD308694,Bilaspur,
BD50762213,BD5076,BD507622,Bilchalan,
BD45612421,BD4561,BD456124,Bildora,
BD50694419,BD5069,BD506944,Bilmaria,
BD20157412,BD2015,BD201574,Binajuri,
BD20126337,BD2012,BD201263,Binauti,
BD30484916,BD3048,BD304849,Binnati,
BD40556631,BD4055,BD405566,Binodepur,
BD55276917,BD5527,BD552769,Binodnagar,
BD20758725,BD2075,BD207587,Binodpur,
BD30866919,BD3086,BD308669,Binodpur,
BD50708810,BD5070,BD507088,Binodpur,
BD10424019,BD1042,BD104240,Binoykati,
BD30680725,BD3068,BD306807,Binyabaid,
BD50696323,BD5069,BD506963,Bipra Belgharia,
BD20197417,BD2019,BD201974,Bipulasar,
BD30934721,BD3093,BD309347,Bir Basunda,
BD50105413,BD5010,BD501054,Bir Kedar,
BD40555723,BD4055,BD405557,Birail Palita,
BD55271728,BD5527,BD552717,Biral,
BD30267233,BD3026,BD302672,Biralia,
BD60919428,BD6091,BD609194,Birasree,
BD20128518,BD2012,BD201285,Birgaon,
BD30931927,BD3093,BD309319,Birhati,
BD45721817,BD4572,BD457218,Birisiri,
BD30598433,BD3059,BD305984,Birtara,
BD30932538,BD3093,BD309325,Birtara,
BD45611325,BD4561,BD456113,Birunia,
BD10061031,BD1006,BD100610,Bisarkandi,
BD50640331,BD5064,BD506403,Bisha,
BD50108819,BD5010,BD501088,Bishalpur,
BD45618122,BD4561,BD456181,Bishka,
BD45728323,BD4572,BD457283,Bishkakuni,
BD30670226,BD3067,BD306702,Bishnandi,
BD20120796,BD2012,BD201207,Bishnupur,
BD20132231,BD2013,BD201322,Bishnupur,
BD40010834,BD4001,BD400108,Bishnupur,
BD40874715,BD4087,BD408747,Bishnupur,
BD50644720,BD5064,BD506447,Bishnupur,
BD55850318,BD5585,BD558503,Bishnupur,
BD60912021,BD6091,BD609120,Bishwanath,
BD20135815,BD2013,BD201358,Bitara,
BD20193625,BD2019,BD201936,Biteshwar,
BD20128522,BD2012,BD201285,Bitghar (tiara),
BD20199417,BD2019,BD201994,Bitikandi,
BD55274740,BD5527,BD552747,Boaldar,
BD30333219,BD3033,BD303332,Boali,
BD55322421,BD5532,BD553224,Boali,
BD30824718,BD3082,BD308247,Boalia,
BD40503920,BD4050,BD405039,Boalia,
BD50646029,BD5064,BD506460,Boalia,
BD50703731,BD5070,BD507037,Boalia,
BD60910813,BD6091,BD609108,Boaljur Bazar,
BD20464331,BD2046,BD204643,Boalkhali,
BD30291815,BD3029,BD302918,Boalmari,
BD30291899,BD3029,BD302918,Boalmari Paurashava,
BD55772521,BD5577,BD557725,Boda,
BD20845840,BD2084,BD208458,Bogachatar,
BD50102099,BD5010,BD501020,Bogra Paurashava,
BD50108112,BD5010,BD501081,Bohail,
BD45612322,BD4561,BD456123,Bokainagar,
BD20129017,BD2012,BD201290,Bolakot,
BD55490628,BD5549,BD554906,Boldia,
BD55328819,BD5532,BD553288,Bonar Para,
BD55731528,BD5573,BD557315,Boragari,
BD40652814,BD4065,BD406528,Boranal Eliasabad,
BD45615231,BD4561,BD456152,Borar Char,
BD30353211,BD3035,BD303532,Borasi,
BD55738527,BD5573,BD557385,Bothlagari,
BD60903321,BD6090,BD609033,Bougla Bazar,
BD30562829,BD3056,BD305628,Boyra,
BD30568219,BD3056,BD305682,Boyra,
BD40878247,BD4087,BD408782,Brahma Rajpur,
BD50886113,BD5088,BD508861,Brahmagachha,
BD60586517,BD6058,BD605865,Brahman Bazar,
BD20191518,BD2019,BD201915,Brahman Para,
BD20121399,BD2012,BD201213,Brahmanbaria Paurashava,
BD30670229,BD3067,BD306702,Brahmandi,
BD50696326,BD5069,BD506963,Brahmapur,
BD50763331,BD5076,BD507633,Bri-lahiribari,
BD60913820,BD6091,BD609138,Budbari Bazar,
BD20121394,BD2012,BD201213,Budhal,
BD20120728,BD2012,BD201207,Budhanti,
BD40870434,BD4087,BD408704,Budhhata,
BD10041947,BD1004,BD100419,Bukabunia,
BD55274319,BD5527,BD552743,Bulakipur,
BD60366827,BD6036,BD603668,Bulla,
BD60367134,BD6036,BD603671,Bulla,
BD30676825,BD3067,BD306768,Bulta,
BD40558523,BD4055,BD405585,Bunagati,
BD10044735,BD1004,BD100447,Bura Mazumdar,
BD55499422,BD5549,BD554994,Buraburi,
BD55779054,BD5577,BD557790,Buraburi,
BD30290331,BD3029,BD302903,Buraich,
BD50106731,BD5010,BD501067,Burail,
BD40878623,BD4087,BD408786,Buri Goalini,
BD20191831,BD2019,BD201918,Burichang,
BD50109423,BD5010,BD501094,Buriganj,
BD20847519,BD2084,BD208475,Burighat,
BD55527015,BD5552,BD555270,Burimari,
BD40578738,BD4057,BD405787,Buripota,
BD10042838,BD1004,BD100428,Burir Char,
BD20153710,BD2015,BD201537,Burir Char,
BD20753615,BD2075,BD207536,Burir Char,
BD40015827,BD4001,BD400158,Burirdanga,
BD20129014,BD2012,BD201290,Burishwar,
BD20150447,BD2015,BD201504,Burumchhara,
BD60910820,BD6091,BD609108,Burunga,
BD55857635,BD5585,BD558576,Chaitrakul,
BD50384732,BD5038,BD503847,Chak Barkat,
BD50708811,BD5070,BD507088,Chak Kirti,
BD30561028,BD3056,BD305610,Chak Mirpur,
BD30687631,BD3068,BD306876,Chak Radha,
BD10786611,BD1078,BD107866,Chakamaiya,
BD20221699,BD2022,BD202216,Chakaria Paurashava,
BD10061042,BD1006,BD100610,Chakhar,
BD55497721,BD5549,BD554977,Chakirpashar,
BD50761615,BD5076,BD507616,Chakla,
BD55777323,BD5577,BD557773,Chaklarhat,
BD20226613,BD2022,BD202266,Chakmarkul,
BD45723813,BD4572,BD457238,Chakua,
BD30562836,BD3056,BD305628,Chala,
BD30685227,BD3068,BD306852,Chalak Char,
BD55523923,BD5552,BD555239,Chalbala,
BD20197521,BD2019,BD201975,Chalibhanga,
BD40410452,BD4041,BD404104,Chalishia,
BD10785732,BD1078,BD107857,Chalitabunia,
BD50885017,BD5088,BD508850,Chalitadanga,
BD45727415,BD4572,BD457274,Challisha,
BD40471799,BD4047,BD404717,Chalna Paurashava,
BD50108119,BD5010,BD501081,Chaluabari,
BD40416111,BD4041,BD404161,Chaluahati,
BD60903223,BD6090,BD609032,Chamardani,
BD50699112,BD5069,BD506991,Chamari,
BD20150818,BD2015,BD201508,Chambal,
BD20120743,BD2012,BD201207,Champaknagar,
BD40874723,BD4087,BD408747,Champaphul,
BD50100627,BD5010,BD501006,Champapur,
BD50103313,BD5010,BD501033,Chamrul,
BD30866525,BD3086,BD308665,Chamta,
BD40652831,BD4065,BD406528,Chanchari,
BD10099138,BD1009,BD100991,Chanchra,
BD40414723,BD4041,BD404147,Chanchra,
BD50886119,BD5088,BD508861,Chandaikona,
BD50108125,BD5010,BD501081,Chandan Baisha,
BD50646931,BD5064,BD506469,Chandan Nagar,
BD20151899,BD2015,BD201518,Chandanaish Paurashava,
BD30685233,BD3068,BD306852,Chandanbari,
BD55772529,BD5577,BD557725,Chandanbari,
BD30827632,BD3082,BD308276,Chandani,
BD55854917,BD5585,BD558549,Chandanpat,
BD20197519,BD2019,BD201975,Chandanpur,
BD40874313,BD4087,BD408743,Chandanpur,
BD50645019,BD5064,BD506450,Chandas,
BD50760515,BD5076,BD507605,Chandba,
BD20195428,BD2019,BD201954,Chander Char,
BD30686423,BD3068,BD306864,Chanderkandi,
BD45725631,BD4572,BD457256,Chandgaon,
BD40501540,BD4050,BD405015,Chandgram,
BD30568225,BD3056,BD305682,Chandhar,
BD50691523,BD5069,BD506915,Chandi,
BD30487919,BD3048,BD304879,Chandi Pasha,
BD40657633,BD4065,BD406576,Chandibarpur,
BD45721825,BD4572,BD457218,Chandigarh,
BD60587421,BD6058,BD605874,Chandighat,
BD20192799,BD2019,BD201927,Chandina Paurashava,
BD45617223,BD4561,BD456172,Chandipasha,
BD20516523,BD2051,BD205165,Chandipur,
BD50646043,BD5064,BD506460,Chandipur,
BD55277717,BD5527,BD552777,Chandipur,
BD55329118,BD5532,BD553291,Chandipur,
BD40476416,BD4047,BD404764,Chandkhali,
BD55734534,BD5573,BD557345,Chandkhana,
BD20191544,BD2019,BD201915,Chandla,
BD20753619,BD2075,BD207536,Chandnandi,
BD40015897,BD4001,BD400158,Chandpai Range,
BD10060327,BD1006,BD100603,Chandpasha,
BD40015823,BD4001,BD400158,Chandpi,
BD10065132,BD1006,BD100651,Chandpur,
BD10066239,BD1006,BD100662,Chandpur,
BD10099157,BD1009,BD100991,Chandpur,
BD30291820,BD3029,BD302918,Chandpur,
BD30333617,BD3033,BD303336,Chandpur,
BD30484528,BD3048,BD304845,Chandpur,
BD30686427,BD3068,BD306864,Chandpur,
BD40441421,BD4044,BD404414,Chandpur,
BD40507117,BD4050,BD405071,Chandpur,
BD20132299,BD2013,BD201322,Chandpur Paurashava,
BD20132254,BD2013,BD201322,Chandra,
BD30291031,BD3029,BD302910,Chandra,
BD30353215,BD3035,BD303532,Chandra Dighalia,
BD10065133,BD1006,BD100651,Chandra Mohan,
BD20514320,BD2051,BD205143,Chandraganj,
BD20843619,BD2084,BD208436,Chandraghona,
BD20157017,BD2015,BD201570,Chandraghona Kadamtali,
BD45896719,BD4589,BD458967,Chandrakona,
BD30866928,BD3086,BD308669,Chandrapur,
BD55523929,BD5552,BD555239,Chandrapur,
BD10063238,BD1006,BD100632,Chandshi,
BD20120732,BD2012,BD201207,Chandura,
BD50819440,BD5081,BD508194,Chanduria,
BD50694428,BD5069,BD506944,Changdhupail,
BD20156121,BD2015,BD201561,Chanhara,
BD55736418,BD5573,BD557364,Chaora Bargachha,
BD50706699,BD5070,BD507066,Chapai Nababganj Paurashava,
BD30333228,BD3033,BD303332,Chapair,
BD20129021,BD2012,BD201290,Chapartala,
BD50694127,BD5069,BD506941,Chapila,
BD20198122,BD2019,BD201981,Chapitala,
BD40507125,BD4050,BD405071,Chapra,
BD55736411,BD5573,BD557364,Chapra Saramjani,
BD20754727,BD2075,BD207547,Chaprashirhat,
BD20517315,BD2051,BD205173,Char Abdullah,
BD20517323,BD2051,BD205173,Char Alexandar,
BD20517331,BD2051,BD205173,Char Algi,
BD45612212,BD4561,BD456122,Char Algi,
BD10060720,BD1006,BD100607,Char Amaddi,
BD20758529,BD2075,BD207585,Char Amanullah,
BD50706620,BD5070,BD507066,Char Anupnagar,
BD45391529,BD4539,BD453915,Char Aomkhaoa,
BD30686430,BD3068,BD306864,Char Aralia,
BD50813425,BD5081,BD508134,Char Ashariadaha,
BD45896728,BD4589,BD458967,Char Ashtadhar,
BD30866531,BD3086,BD308665,Char Atra,
BD50706622,BD5070,BD507066,Char Bagdanga,
BD40011415,BD4001,BD400114,Char Baniari,
BD45396119,BD4539,BD453961,Char Banipakuri,
BD10065134,BD1006,BD100651,Char Baria,
BD20758531,BD2075,BD207585,Char Bata,
BD20517339,BD2051,BD205173,Char Bedam,
BD30292119,BD3029,BD302921,Char Bhadrasan,
BD30861415,BD3086,BD308614,Char Bhaga,
BD20134735,BD2013,BD201347,Char Bhairabi,
BD55490647,BD5549,BD554906,Char Bhurungamari,
BD10095419,BD1009,BD100954,Char Bhuta,
BD30298428,BD3029,BD302984,Char Bishnupur,
BD10785737,BD1078,BD107857,Char Biswas,
BD30861428,BD3086,BD308614,Char Census,
BD20309428,BD2030,BD203094,Char Chandia,
BD20123326,BD2012,BD201233,Char Chartala,
BD20758533,BD2075,BD207585,Char Clerk,
BD20309438,BD2030,BD203094,Char Darbesh,
BD30544025,BD3054,BD305440,Char Daulat Khan,
BD30686023,BD3068,BD306860,Char Dighaldi,
BD10048511,BD1004,BD100485,Char Duanti,
BD10066247,BD1006,BD100662,Char Ekkaria,
BD20752110,BD2075,BD207521,Char Elahi,
BD20752111,BD2075,BD207521,Char Fakira,
BD20513347,BD2051,BD205133,Char Falcon,
BD30487928,BD3048,BD304879,Char Faradi,
BD20517355,BD2051,BD205173,Char Gazi,
BD50885015,BD5088,BD508850,Char Girish,
BD45392915,BD4539,BD453929,Char Goalini,
BD10066255,BD1006,BD100662,Char Gopalpur,
BD30292138,BD3029,BD302921,Char Harirampur,
BD20752123,BD2075,BD207521,Char Hazari,
BD20753628,BD2075,BD207536,Char Ishwar,
BD45615233,BD4561,BD456152,Char Ishwardia,
BD20120736,BD2012,BD201207,Char Islmapur,
BD20758535,BD2075,BD207585,Char Jabbar,
BD30548731,BD3054,BD305487,Char Janajat,
BD30296222,BD3029,BD302962,Char Jasordi,
BD30292157,BD3029,BD302921,Char Jhaukanda,
BD20758536,BD2075,BD207585,Char Jubille,
BD20513363,BD2051,BD205133,Char Kadira,
BD10785739,BD1078,BD107857,Char Kajal,
BD20752135,BD2075,BD207521,Char Kakra,
BD10066923,BD1006,BD100669,Char Kalekhan,
BD20513371,BD2051,BD205133,Char Kalkini,
BD10092528,BD1009,BD100925,Char Kalmi,
BD30595628,BD3059,BD305956,Char Kewar,
BD10092919,BD1009,BD100929,Char Khalifa,
BD20753638,BD2075,BD207536,Char King,
BD10065143,BD1006,BD100651,Char Kowa,
BD10092570,BD1009,BD100925,Char Kukri Mukri,
BD30861417,BD3086,BD308614,Char Kumaria,
BD20156124,BD2015,BD201561,Char Lakshya,
BD20513379,BD2051,BD205133,Char Lawrence,
BD30294723,BD3029,BD302947,Char Madhabdia,
BD30686433,BD3068,BD306864,Char Madhua,
BD10092538,BD1009,BD100925,Char Madras,
BD20309447,BD2030,BD203094,Char Majlishpur,
BD30298438,BD3029,BD302984,Char Manair,
BD30685240,BD3068,BD306852,Char Mandalia,
BD10092547,BD1009,BD100925,Char Manika,
BD20513381,BD2051,BD205133,Char Martin,
BD20758740,BD2075,BD207587,Char Matua,
BD20515847,BD2051,BD205158,Char Mohana,
BD10065151,BD1006,BD100651,Char Monai,
BD10785734,BD1078,BD107857,Char Montaz,
BD45898827,BD4589,BD458988,Char Mucharia,
BD30298447,BD3029,BD302984,Char Nasirpur,
BD45615240,BD4561,BD456152,Char Nilakshmia,
BD45395835,BD4539,BD453958,Char Pakerdaha,
BD45898833,BD4589,BD458988,Char Pakshimari,
BD20752147,BD2075,BD207521,Char Parbati,
BD10092928,BD1009,BD100929,Char Pata,
BD20515852,BD2051,BD205158,Char Pata,
BD20156127,BD2015,BD201561,Char Patharghata,
BD20517365,BD2051,BD205173,Char Poragacha,
BD45392923,BD4539,BD453929,Char Putimari,
BD55490819,BD5549,BD554908,Char Rajibpur,
BD20514323,BD2051,BD205143,Char Ramani Mohan,
BD20517387,BD2051,BD205173,Char Ramiz,
BD20514330,BD2051,BD205143,Char Ruhita,
BD10091821,BD1009,BD100918,Char Samaia,
BD45898840,BD4589,BD458988,Char Sherpur,
BD10091829,BD1009,BD100918,Char Shibpur,
BD30686315,BD3068,BD306863,Char Sindur,
BD30686437,BD3068,BD306864,Char Subuddi,
BD50765525,BD5076,BD507655,Char Tarapur,
BD30680731,BD3068,BD306807,Char Ujilaba,
BD20758537,BD2075,BD207585,Char Wapda,
BD10060713,BD1006,BD100607,Charadi,
BD55736412,BD5573,BD557364,Charaikhola,
BD20154725,BD2015,BD201547,Charamba,
BD20151228,BD2015,BD201512,Charandwip,
BD20158229,BD2015,BD201582,Charati,
BD50812539,BD5081,BD508125,Charghat,
BD50812599,BD5081,BD508125,Charghat Paurashava,
BD30568234,BD3056,BD305682,Charigram,
BD60915327,BD6091,BD609153,Charikata,
BD30561038,BD3056,BD305610,Charkatari,
BD60911725,BD6091,BD609117,Charkhai,
BD60902314,BD6090,BD609023,Charmohalla Union,
BD60902919,BD6090,BD609029,Charnar Char,
BD55940852,BD5594,BD559408,Charol,
BD20514325,BD2051,BD205143,Charsai,
BD20758331,BD2075,BD207583,Chashirhat,
BD20129029,BD2012,BD201290,Chatalpar,
BD20150466,BD2015,BD201504,Chatari,
BD20751099,BD2075,BD207510,Chatkhil Paurashava,
BD50762299,BD5076,BD507622,Chatmohar Paurashava,
BD55857641,BD5585,BD558576,Chatra,
BD30291825,BD3029,BD302918,Chatul,
BD20193123,BD2019,BD201931,Chauddagram,
BD20193199,BD2019,BD201931,Chauddagram Paurashava,
BD30484925,BD3048,BD304849,Chauddasata,
BD20222422,BD2022,BD202224,Chaufaldandi,
BD40411114,BD4041,BD404111,Chaugachha,
BD40411199,BD4041,BD404111,Chaugachha Paurashava,
BD30483326,BD3048,BD304833,Chauganga,
BD50699123,BD5069,BD506991,Chaugram,
BD30261429,BD3026,BD302614,Chauhat,
BD50102719,BD5010,BD501027,Chaukibari,
BD40555727,BD4055,BD405557,Chaulia,
BD20750799,BD2075,BD207507,Chaumohani Paurashava,
BD55276425,BD5527,BD552764,Chehelgazi,
BD10424347,BD1042,BD104243,Chenchri Rampur,
BD20467719,BD2046,BD204677,Chengi,
BD55855843,BD5585,BD558558,Chengmari,
BD20193119,BD2019,BD201931,Cheora,
BD50645028,BD5064,BD506450,Cheragpur,
BD20301499,BD2030,BD203014,Chhagalnaiya Paurashava,
BD50762211,BD5076,BD507622,Chhaikhola,
BD20198131,BD2019,BD201981,Chhaliakandi,
BD50887894,BD5088,BD508878,Chhangachha,
BD20150825,BD2015,BD201508,Chhanua,
BD55857319,BD5585,BD558573,Chhaola,
BD50647915,BD5064,BD506479,Chhaor,
BD55329125,BD5532,BD553291,Chhaparhati,
BD55272127,BD5527,BD552721,Chhatail,
BD60902313,BD6090,BD609023,Chhatak,
BD60902399,BD6090,BD609023,Chhatak Paurashava,
BD50699115,BD5069,BD506991,Chhatar Dighi,
BD20758028,BD2075,BD207580,Chhatarpaia,
BD60367143,BD6036,BD603671,Chhatiain,
BD40509436,BD4050,BD405094,Chhatian,
BD50100640,BD5010,BD501006,Chhatiangram,
BD30487623,BD3048,BD304876,Chhatir Char,
BD50696329,BD5069,BD506963,Chhatni,
BD20750728,BD2075,BD207507,Chhayani,
BD30861425,BD3086,BD308614,Chhaygaon,
BD30485411,BD3048,BD304854,Chhaysuti,
BD20153711,BD2015,BD201537,Chhibatali,
BD55497731,BD5549,BD554977,Chhinai,
BD45720947,BD4572,BD457209,Chhiram,
BD10040943,BD1004,BD100409,Chhota Bagi,
BD10785744,BD1078,BD107857,Chhota Baisdia,
BD30822919,BD3082,BD308229,Chhota Bhakla,
BD10789513,BD1078,BD107895,Chhota Bighai,
BD20224918,BD2022,BD202249,Chhotamohes Khali,
BD45391536,BD4539,BD453915,Chikajani,
BD20153717,BD2015,BD201537,Chikandandi,
BD30866938,BD3086,BD308669,Chikandi,
BD50102728,BD5010,BD501027,Chikashi,
BD20157418,BD2015,BD201574,Chikdair,
BD60915329,BD6091,BD609153,Chiknagul,
BD10785750,BD1078,BD107857,Chiknikandi,
BD40015829,BD4001,BD400158,Chila,
BD55773419,BD5577,BD557734,Chilahati,
BD30545411,BD3054,BD305454,Chilar Char,
BD55949431,BD5594,BD559494,Chilarang,
BD40503927,BD4050,BD405039,Chilmari,
BD55490923,BD5549,BD554909,Chilmari,
BD45392931,BD4539,BD453929,Chinadulli,
BD40016029,BD4001,BD400160,Chingrakhali,
BD30686025,BD3068,BD306860,Chinishpur,
BD10794731,BD1079,BD107947,Chira Para Parsaturia,
BD45724720,BD4572,BD457247,Chirang,
BD20221627,BD2022,BD202216,Chiringa,
BD20190950,BD2019,BD201909,Chitadda,
BD30866947,BD3086,BD308669,Chitalia,
BD40011431,BD4001,BD400114,Chitalmari,
BD20305123,BD2030,BD203051,Chithalia,
BD40180727,BD4018,BD401807,Chithla,
BD40509443,BD4050,BD405094,Chithulia,
BD20843638,BD2084,BD208436,Chitmaram,
BD30597427,BD3059,BD305974,Chitrakot,
BD20030463,BD2003,BD200304,Chokhyong,
BD50108519,BD5010,BD501085,Chopinagar,
BD20193339,BD2019,BD201933,Chouara,
BD50703742,BD5070,BD507037,Chowdala,
BD60367151,BD6036,BD603671,Chowmohani,
BD10040947,BD1004,BD100409,Chowra,
BD40182399,BD4018,BD401823,Chuadanga Paurashava,
BD45391543,BD4539,BD453915,Chukaibari,
BD30291025,BD3029,BD302910,Chumordi,
BD60362619,BD6036,BD603626,Chunarughat,
BD60362699,BD6036,BD603626,Chunarughat Paurashava,
BD20154732,BD2015,BD201547,Chunati,
BD40015628,BD4001,BD400156,Chunkhola,
BD20129419,BD2012,BD201294,Chunta,
BD30266240,BD3026,BD302662,Churain,
BD40414729,BD4041,BD404147,Churamankati,
BD20193399,BD2019,BD201933,Comilla Dakshin Paurashava,
BD20196799,BD2019,BD201967,Comilla Paurashava,
BD20222499,BD2022,BD202224,Cox's Bazar Paurashava,
BD55275615,BD5527,BD552756,Dabar,
BD20157425,BD2015,BD201574,Dabua,
BD40471742,BD4047,BD404717,Dacope,
BD20758745,BD2075,BD207587,Dadpur,
BD30291830,BD3029,BD302918,Dadpur,
BD30827636,BD3082,BD308276,Dadshi,
BD20302512,BD2030,BD203025,Daganbhuiyan,
BD20302599,BD2030,BD203025,Daganbhuiyan Paurashava,
BD55329131,BD5532,BD553291,Dahabanda,
BD55527019,BD5552,BD555270,Dahagram,
BD50699131,BD5069,BD506991,Dahia,
BD40016035,BD4001,BD400160,Daibagnyahati,
BD10798728,BD1079,BD107987,Daihari,
BD50708817,BD5070,BD507088,Daipukuria,
BD45611334,BD4561,BD456113,Dakatia,
BD20156191,BD2015,BD201561,Dakhin D.bhurshi,
BD20137682,BD2013,BD201376,Dakhsin Nayergaon,
BD60903221,BD6090,BD609032,Dakshin Sukhairrajapur,
BD20120219,BD2012,BD201202,Dakshin Akhaura,
BD20134723,BD2013,BD201347,Dakshin Algi Durgapur,
BD60901817,BD6090,BD609018,Dakshin Badaghat,
BD60909243,BD6090,BD609092,Dakshin Badal,
BD20120414,BD2012,BD201204,Dakshin Banchharampur,
BD60915919,BD6091,BD609159,Dakshin Banigram,
BD40475322,BD4047,BD404753,Dakshin Bedkashi,
BD45727423,BD4572,BD457274,Dakshin Bishiura,
BD60903235,BD6090,BD609032,Dakshin Bongshikunda,
BD60581431,BD6058,BD605814,Dakshin Dakshinbhagh,
BD20194041,BD2019,BD201940,Dakshin Dhamti,
BD20224540,BD2022,BD202245,Dakshin Dhurung,
BD10091880,BD1009,BD100918,Dakshin Dighaldi,
BD60903327,BD6090,BD609033,Dakshin Dowarabazar,
BD20196751,BD2019,BD201967,Dakshin Durgapur,
BD20193634,BD2019,BD201936,Dakshin Elliotganj,
BD20134535,BD2013,BD201345,Dakshin Faridganj,
BD20134930,BD2013,BD201349,Dakshin Gandharbapur,
BD20134547,BD2013,BD201345,Dakshin Gobindapur,
BD20135831,BD2013,BD201358,Dakshin Gohat,
BD20194059,BD2019,BD201940,Dakshin Gunaighar,
BD20514390,BD2051,BD205143,Dakshin Hamchadi,
BD60902347,BD6090,BD609023,Dakshin Islampur,
BD20197445,BD2019,BD201974,Dakshin Jhalam,
BD10092985,BD1009,BD100929,Dakshin Joynagar,
BD20135847,BD2013,BD201358,Dakshin Kachua,
BD20134955,BD2013,BD201349,Dakshin Kalocho,
BD40017776,BD4001,BD400177,Dakshin Khali Union,
BD20190969,BD2019,BD201909,Dakshin Khosbas,
BD60902342,BD6090,BD609023,Dakshin Khurma,
BD20153723,BD2015,BD201537,Dakshin Madarsha,
BD45611631,BD4561,BD456116,Dakshin Maij Para,
BD20139565,BD2013,BD201395,Dakshin Meher,
BD20226685,BD2022,BD202266,Dakshin Mithachhari,
BD20121348,BD2012,BD201213,Dakshin Natai,
BD20134571,BD2013,BD201345,Dakshin Paik Para,
BD60361125,BD6036,BD603611,Dakshin Paschim Baniyachang,
BD60361118,BD6036,BD603611,Dakshin Purba Baniyachang,
BD20198190,BD2019,BD201981,Dakshin Ramchandrapur,
BD20139582,BD2013,BD201395,Dakshin Roysree,
BD20134583,BD2013,BD201345,Dakshin Rupsa,
BD10096521,BD1009,BD100965,Dakshin Sakuchia,
BD60581429,BD6058,BD605814,Dakshin Shahabajpur,
BD20190994,BD2019,BD201909,Dakshin Shilmuri,
BD20121350,BD2012,BD201213,Dakshin Shuhilpur,
BD20120752,BD2012,BD201207,Dakshin Singerbil,
BD40874731,BD4087,BD408747,Dakshin Sreepur,
BD60909233,BD6090,BD609092,Dakshin Sreepur,
BD20139590,BD2013,BD201395,Dakshin Suchi Para,
BD20137686,BD2013,BD201376,Dakshin Upadi,
BD30263660,BD3026,BD302636,Dakshingaon (Part),
BD30266860,BD3026,BD302668,Dakshingaon (Part),
BD30260638,BD3026,BD302606,Dakshinkhan (part),
BD30263738,BD3026,BD302637,Dakshinkhan (part),
BD30261038,BD3026,BD302610,Dakshinkhan (Part),
BD50104017,BD5010,BD501040,Dakshinpara Union,
BD10785755,BD1078,BD107857,Dakua,
BD55523935,BD5552,BD555239,Dalagram,
BD20514335,BD2051,BD205143,Dalal Bazar,
BD10786615,BD1078,BD107866,Dalbuganj,
BD50701837,BD5070,BD507018,Daldali,
BD55499433,BD5549,BD554994,Daldalia,
BD45724727,BD4572,BD457247,Dalpa,
BD30489213,BD3048,BD304892,Damiha,
BD50817235,BD5081,BD508172,Damkur,
BD40476938,BD4047,BD404769,Damodar,
BD55328225,BD5532,BD553282,Damodarpur,
BD55850325,BD5585,BD558503,Damodarpur,
BD30487627,BD3048,BD304876,Dampara,
BD30862599,BD3086,BD308625,Damudya Paurashava,
BD40183111,BD4018,BD401831,Damurhuda,
BD30484934,BD3048,BD304849,Dana Patali,
BD55773428,BD5577,BD557734,Dandapal,
BD30686331,BD3068,BD306863,Danga,
BD45391551,BD4539,BD453915,Dangdhara,
BD30296227,BD3029,BD302962,Dangi,
BD55945154,BD5594,BD559451,Dangi Para,
BD55497923,BD5549,BD554979,Dantbhanga,
BD50762225,BD5076,BD507622,Danthia Bamangram,
BD20153323,BD2015,BD201533,Dantmara,
BD30939539,BD3093,BD309395,Danya,
BD55523328,BD5552,BD555233,Daoabari,
BD55733614,BD5573,BD557336,Daoabari,
BD45616525,BD4561,BD456165,Daogaon,
BD10427315,BD1042,BD104273,Dapdapia,
BD45615247,BD4561,BD456152,Dapunia,
BD50765534,BD5076,BD507655,Dapunia,
BD30567038,BD3056,BD305670,Daragram,
BD40410928,BD4041,BD404109,Darajhat,
BD20304154,BD2030,BD203041,Darbarpur,
BD55323010,BD5532,BD553230,Darbasta,
BD60915331,BD6091,BD609153,Darbasta,
BD20516533,BD2051,BD205165,Darbeshpur,
BD10066263,BD1006,BD100662,Dari Char Khajuria,
BD20120423,BD2012,BD201204,Dariadaulat,
BD10060727,BD1006,BD100607,Darial,
BD40559521,BD4055,BD405595,Dariapur,
BD40576047,BD4057,BD405760,Dariapur,
BD20198127,BD2019,BD201981,Darora,
BD50817243,BD5081,BD508172,Darshan Para,
BD55854919,BD5585,BD558549,Darshana,
BD40183199,BD4018,BD401831,Darshana Paurashava,
BD30862523,BD3086,BD308625,Darul Aman,
BD30544031,BD3054,BD305440,Dasar,
BD60912052,BD6091,BD609120,Dasghar,
BD60581439,BD6058,BD605814,Dasher Bazar,
BD30934725,BD3093,BD309347,Dashkia,
BD10785252,BD1078,BD107852,Dashmina,
BD50763921,BD5076,BD507639,Dashuria,
BD10783835,BD1078,BD107838,Daspara,
BD20514340,BD2051,BD205143,Datta Para,
BD30548736,BD3054,BD305487,Datta Para,
BD45612218,BD4561,BD456122,Datter Bazar,
BD10041971,BD1004,BD100419,Dauatala,
BD20193699,BD2019,BD201936,Daudkandi Paurashava,
BD10795834,BD1079,BD107958,Daudkhali,
BD30676831,BD3067,BD306768,Daudpur,
BD55276925,BD5527,BD552769,Daudpur,
BD60913130,BD6091,BD609131,Daudpur,
BD30686440,BD3068,BD306864,Daukar Char,
BD40180731,BD4018,BD401807,Dauki,
BD30822938,BD3082,BD308229,Daulatdia,
BD20153338,BD2015,BD201533,Daulatpur,
BD30685247,BD3068,BD306852,Daulatpur,
BD40441431,BD4044,BD404414,Daulatpur,
BD40503933,BD4050,BD405039,Daulatpur,
BD50881154,BD5088,BD508811,Daulatpur,
BD55273838,BD5527,BD552738,Daulatpur,
BD55948234,BD5594,BD559482,Daulatpur,
BD60361137,BD6036,BD603611,Daulatpur,
BD60912031,BD6091,BD609120,Daulatpur,
BD20193682,BD2019,BD201936,Daulatpur (Purba Panchgachh),
BD20198751,BD2019,BD201987,Daulkhar,
BD60910827,BD6091,BD609108,Dayamir,
BD50690938,BD5069,BD506909,Dayarampur,
BD30822957,BD3082,BD308229,Debagram,
BD40872515,BD4087,BD408725,Debhata,
BD55773438,BD5577,BD557734,Debidoba,
BD20194029,BD2019,BD201940,Debidwar,
BD20194099,BD2019,BD201940,Debidwar Paurashava,
BD55773447,BD5577,BD557734,Debiganj,
BD50706627,BD5070,BD507066,Debinagar,
BD55949436,BD5594,BD559494,Debipur,
BD50760531,BD5076,BD507605,Debottar,
BD60367721,BD6036,BD603677,Debpara,
BD30294731,BD3029,BD302947,Decreerchar,
BD10060340,BD1006,BD100603,Dehergati,
BD30484217,BD3048,BD304842,Dehunda,
BD30932323,BD3093,BD309323,Delduar,
BD50813111,BD5081,BD508131,Deluabari,
BD40476427,BD4047,BD404764,Deluti,
BD40010835,BD4001,BD400108,Dema,
BD50763342,BD5076,BD507633,Demra,
BD30261265,BD3026,BD302612,Demra (part),
BD20221631,BD2022,BD202216,Demusia,
BD30480247,BD3048,BD304802,Deoghar,
BD60912042,BD6091,BD609120,Deokalas,
BD45612035,BD4561,BD456120,Deokhola,
BD30932335,BD3093,BD309323,Deoli,
BD30932825,BD3093,BD309328,Deopara,
BD50813428,BD5081,BD508134,Deopara,
BD55271035,BD5527,BD552710,Deor,
BD20190937,BD2019,BD201909,Deora,
BD60362628,BD6036,BD603626,Deorgachh,
BD20758335,BD2075,BD207583,Deoti,
BD60902999,BD6090,BD609029,Derai Paurashava,
BD60902928,BD6090,BD609029,Derai Sarmangal,
BD50888921,BD5088,BD508889,Deshigram,
BD10092119,BD1009,BD100921,Deula,
BD30932817,BD3093,BD309328,Deulabari,
BD50109431,BD5010,BD501094,Deuli,
BD10787627,BD1078,BD107876,Deuli Subidkhali,
BD60910833,BD6091,BD609108,Dewan Bazar,
BD45391558,BD4539,BD453915,Dewanganj,
BD45391599,BD4539,BD453915,Dewanganj Paurashava,
BD50708823,BD5070,BD507088,Dhainagar,
BD60913825,BD6091,BD609138,Dhaka Dakshin,
BD30861432,BD3086,BD308614,Dhakhin Tarabunia,
BD30485913,BD3048,BD304859,Dhaki,
BD55777336,BD5577,BD557773,Dhakkamara,
BD45618131,BD4561,BD456181,Dhakua,
BD40416116,BD4041,BD404161,Dhakuria,
BD10092551,BD1009,BD100925,Dhal Char,
BD30489227,BD3048,BD304892,Dhala,
BD45898847,BD4589,BD458988,Dhala,
BD45728331,BD4572,BD457283,Dhala Mulgaon,
BD30932834,BD3093,BD309328,Dhala Para,
BD50384738,BD5038,BD503847,Dhalahar,
BD20153729,BD2015,BD201537,Dhalai,
BD50761621,BD5076,BD507616,Dhalar Char,
BD40874739,BD4087,BD408747,Dhalbaria,
BD20156130,BD2015,BD201561,Dhalghat,
BD20224923,BD2022,BD202249,Dhalghata,
BD40410938,BD4041,BD404109,Dhalgram,
BD40448018,BD4044,BD404480,Dhalhara Chandra,
BD10095428,BD1009,BD100954,Dhali Gaurnagar,
BD20302922,BD2030,BD203029,Dhalia,
BD30333238,BD3033,BD303332,Dhaljora,
BD30568243,BD3056,BD305682,Dhalla,
BD10042847,BD1004,BD100428,Dhalua,
BD20198743,BD2019,BD201987,Dhalua,
BD50886128,BD5088,BD508861,Dhamainagar,
BD55271747,BD5527,BD552717,Dhamair,
BD40473020,BD4047,BD404730,Dhamalia,
BD30670631,BD3067,BD306706,Dhamgar,
BD20198136,BD2019,BD201981,Dhamghar,
BD50642842,BD5064,BD506428,Dhamoirhat,
BD50642899,BD5064,BD506428,Dhamoirhat Paurashava,
BD55770440,BD5577,BD557704,Dhamor,
BD30261435,BD3026,BD302614,Dhamrai,
BD30261499,BD3026,BD302614,Dhamrai Paurashava,
BD30267239,BD3026,BD302672,Dhamsana,
BD30561057,BD3056,BD305610,Dhamsar,
BD55499439,BD5549,BD554994,Dhamserni,
BD20754735,BD2075,BD207547,Dhan Shalik,
BD20754745,BD2075,BD207547,Dhan Siri,
BD30932547,BD3093,BD309325,Dhanbari,
BD30932599,BD3093,BD309325,Dhanbari Paurashava,
BD40879011,BD4087,BD408790,Dhandia,
BD40558535,BD4055,BD405585,Dhaneshwargati,
BD50886138,BD5088,BD508861,Dhangara,
BD10091836,BD1009,BD100918,Dhania,
BD30262935,BD3026,BD302629,Dhania (part),
BD30263235,BD3026,BD302632,Dhania (part),
BD45619428,BD4561,BD456194,Dhanikhola,
BD10795843,BD1079,BD107958,Dhanisafa,
BD30862535,BD3086,BD308625,Dhankati,
BD10786655,BD1078,BD107866,Dhankhali,
BD40574721,BD4057,BD405747,Dhankhola,
BD30567057,BD3056,BD305670,Dhankora,
BD30483343,BD3048,BD304833,Dhanpur,
BD40017719,BD4001,BD400177,Dhansagar,
BD45893712,BD4589,BD458937,Dhanshail,
BD55940863,BD5594,BD559408,Dhantala,
BD45390747,BD4539,BD453907,Dhanua,
BD10791435,BD1079,BD107914,Dhaoa,
BD55328234,BD5532,BD553282,Dhaperhat,
BD20129036,BD2012,BD201290,Dhar Mandal,
BD45612433,BD4561,BD456124,Dhara,
BD50694140,BD5069,BD506941,Dharabarisha,
BD40501554,BD4050,BD405015,Dharampur,
BD55499444,BD5549,BD554994,Dharanibari,
BD50387463,BD5038,BD503874,Dharanji,
BD20120257,BD2012,BD201202,Dharkhar,
BD55948631,BD5594,BD559486,Dharmagarh,
BD60367160,BD6036,BD603671,Dharmaghar,
BD55733621,BD5573,BD557336,Dharmapal,
BD60903238,BD6090,BD609032,Dharmapasha,
BD20153328,BD2015,BD201533,Dharmapur,
BD20158240,BD2015,BD201582,Dharmapur,
BD20302923,BD2030,BD203029,Dharmapur,
BD20758747,BD2075,BD207587,Dharmapur,
BD55271757,BD5527,BD552717,Dharmapur,
BD50813123,BD5081,BD508131,Dharmapur (Pananagar),
BD20158236,BD2015,BD201582,Dhemsa,
BD30298457,BD3029,BD302984,Dheukhali,
BD30599439,BD3059,BD305994,Dhipur,
BD45611343,BD4561,BD456113,Dhitpur,
BD60901820,BD6090,BD609018,Dhonpur,
BD20151838,BD2015,BD201518,Dhopachhari,
BD50767225,BD5076,BD507672,Dhopadaha,
BD55329137,BD5532,BD553291,Dhopadanga,
BD30933821,BD3093,BD309338,Dhopakandi,
BD30932557,BD3093,BD309325,Dhopakhali,
BD40013828,BD4001,BD400138,Dhopakhali,
BD30937636,BD3093,BD309376,Dhubaria,
BD50886147,BD5088,BD508861,Dhubil,
BD50881167,BD5088,BD508811,Dhukaria Bera,
BD10786629,BD1078,BD107866,Dhulasar,
BD50767234,BD5076,BD507672,Dhulauri,
BD10783841,BD1078,BD107838,Dhulia,
BD40411117,BD4041,BD404111,Dhuliani,
BD40878254,BD4087,BD408782,Dhulihar,
BD10063627,BD1006,BD100636,Dhulkhola,
BD30562843,BD3056,BD305628,Dhulsunra,
BD20155322,BD2015,BD201553,Dhum,
BD50102738,BD5010,BD501027,Dhunat,
BD50102799,BD5010,BD501027,Dhunat Paurashava,
BD50103327,BD5010,BD501033,Dhupchanchia,
BD50103399,BD5010,BD501033,Dhupchanchia Paurashava,
BD30545417,BD3054,BD305454,Dhurail,
BD45612440,BD4561,BD456124,Dhurail,
BD50815327,BD5081,BD508153,Dhurail,
BD20153333,BD2015,BD201533,Dhurung,
BD40414735,BD4041,BD404147,Diara,
BD40874315,BD4087,BD408743,Diara,
BD50647525,BD5064,BD506475,Dibar,
BD30932843,BD3093,BD309328,Digalkandi,
BD30932851,BD3093,BD309328,Digar,
BD30861443,BD3086,BD308614,Digar Mahishkhali,
BD30489240,BD3048,BD304892,Digdair,
BD50109531,BD5010,BD501095,Digdair,
BD20157825,BD2015,BD201578,Digghapar,
BD40556642,BD4055,BD405566,Digha,
BD60367729,BD6036,BD603677,Dighalbak,
BD20514345,BD2051,BD205143,Dighali,
BD30567047,BD3056,BD305670,Dighalia,
BD40474057,BD4047,BD404740,Dighalia,
BD40655215,BD4065,BD406552,Dighalia,
BD50696336,BD5069,BD506963,Dighapatia,
BD30564623,BD3056,BD305646,Dighi,
BD20464347,BD2046,BD204643,Dighinala,
BD30599447,BD3059,BD305994,Dighir Para,
BD30480625,BD3048,BD304806,Dighirpar,
BD30355827,BD3035,BD303558,Dignagar,
BD40448025,BD4044,BD404480,Dignagar,
BD45393619,BD4539,BD453936,Digpaith,
BD40419034,BD4041,BD404190,Dihi,
BD50761947,BD5076,BD507619,Dil Pasar,
BD30480634,BD3048,BD304806,Dilalpur,
BD55731219,BD5573,BD557312,Dimla,
BD30866537,BD3086,BD308665,Dinga Manik,
BD10797610,BD1079,BD107976,Dirgha,
BD30548742,BD3054,BD305487,Ditiyakhanda,
BD45398531,BD4539,BD453985,Doail,
BD45611636,BD4561,BD456116,Dobaura,
BD60911734,BD6091,BD609117,Dobhag,
BD20037338,BD2003,BD200373,Dochhari,
BD40441911,BD4044,BD404419,Dogachhi,
BD50384747,BD5038,BD503847,Dogachhi,
BD50765543,BD5076,BD507655,Dogachhi,
BD40410947,BD4041,BD404109,Dohakula,
BD30261899,BD3026,BD302618,Dohar Paurashava,
BD20151847,BD2015,BD201518,Dohazari,
BD20192763,BD2019,BD201927,Dollai Nowabab Pur,
BD55731538,BD5573,BD557315,Domar,
BD30866957,BD3086,BD308669,Domsar,
BD40444227,BD4044,BD404442,Dora,
BD45612327,BD4561,BD456123,Dowhakhala,
BD50694438,BD5069,BD506944,Duaria,
BD45720423,BD4572,BD457204,Duaz,
BD30932341,BD3093,BD309323,Dubail,
BD50646051,BD5064,BD506460,Dubalhati,
BD10060733,BD1006,BD100607,Dudhal,
BD40448031,BD4044,BD404480,Dudhsar,
BD30545423,BD3054,BD305454,Dudkhali,
BD60903332,BD6090,BD609033,Duhalia,
BD20221633,BD2022,BD202216,Dulahazara,
BD50768319,BD5076,BD507683,Dulai,
BD20195422,BD2019,BD201954,Dulal Pur,
BD20191530,BD2019,BD201915,Dulalpur,
BD30687642,BD3068,BD306876,Dulalpur,
BD60902338,BD6090,BD609023,Dular Bazar,
BD45616534,BD4561,BD456165,Dulla,
BD20466147,BD2046,BD204661,Dulyatali,
BD30295621,BD3029,BD302956,Dumain,
BD20844738,BD2084,BD208447,Dumdumya,
BD30263749,BD3026,BD302637,Dumni,
BD20758038,BD2075,BD207580,Dumuria,
BD30359128,BD3035,BD303591,Dumuria,
BD40473027,BD4047,BD404730,Dumuria,
BD55940873,BD5594,BD559408,Duosuo,
BD30670231,BD3067,BD306702,Duptara,
BD30937621,BD3093,BD309376,Duptiair,
BD40416122,BD4041,BD404161,Durbadanga,
BD50694447,BD5069,BD506944,Durduria,
BD10060740,BD1006,BD100607,Durga Pasha,
BD50104027,BD5010,BD501040,Durgahata,
BD50889429,BD5088,BD508894,Durganagar,
BD60902711,BD6090,BD609027,Durgapasha,
BD10798017,BD1079,BD107980,Durgapur,
BD20123338,BD2012,BD201233,Durgapur,
BD20137915,BD2013,BD201379,Durgapur,
BD20155324,BD2015,BD201553,Durgapur,
BD20750738,BD2075,BD207507,Durgapur,
BD30333625,BD3033,BD303336,Durgapur,
BD30353217,BD3035,BD303532,Durgapur,
BD30934729,BD3093,BD309347,Durgapur,
BD40870443,BD4087,BD408704,Durgapur,
BD45721851,BD4572,BD457218,Durgapur,
BD50105419,BD5010,BD501054,Durgapur,
BD55499450,BD5549,BD554994,Durgapur,
BD55520241,BD5552,BD555202,Durgapur,
BD55855849,BD5585,BD558558,Durgapur,
BD45721899,BD4572,BD457218,Durgapur Paurashava,
BD50813199,BD5081,BD508131,Durgapur Paurashava,
BD50708829,BD5070,BD507088,Durlabhpur,
BD45396128,BD4539,BD453961,Durmut,
BD50811231,BD5081,BD508112,Dwippur,
BD20139515,BD2013,BD201395,East Chitasi,
BD30487938,BD3048,BD304879,Egarasindur,
BD55859247,BD5585,BD558592,Ekarchali,
BD60587429,BD6058,BD605874,Ekatuna,
BD50648521,BD5064,BD506485,Ekdala,
BD50760547,BD5076,BD507605,Ekdanta,
BD30685254,BD3068,BD306852,Ekduaria,
BD20750742,BD2075,BD207507,Eklashpur,
BD20137921,BD2013,BD201379,Eklaspur,
BD20194071,BD2019,BD201940,Elahabad,
BD40444240,BD4044,BD404442,Elangi,
BD50102747,BD5010,BD501027,Elangi,
BD30932347,BD3093,BD309323,Elasin,
BD30934736,BD3093,BD309347,Elenga,
BD30483347,BD3048,BD304833,Elongjuri,
BD55273847,BD5527,BD552738,Eluary,
BD55855854,BD5585,BD558558,Emadpur,
BD30544037,BD3054,BD305440,Enayetnagar,
BD30675831,BD3067,BD306758,Enayetnagar,
BD45612041,BD4561,BD456120,Enayetpur,
BD50645038,BD5064,BD506450,Enayetpur,
BD20158214,BD2015,BD201582,Eochia,
BD55322111,BD5532,BD553221,Erendabari,
BD50102023,BD5010,BD501020,Erulia,
BD10092553,BD1009,BD100925,Ewajpur,
BD20758750,BD2075,BD207587,Ewazbalia,
BD50762234,BD5076,BD507622,Failjana,
BD20035127,BD2003,BD200351,Faitang,
BD55523331,BD5552,BD555233,Fakir Para,
BD40013431,BD4001,BD400134,Fakirhat,
BD30931940,BD3093,BD309319,Falda,
BD20129043,BD2012,BD201290,Fandauk,
BD50102025,BD5010,BD501020,Fapore,
BD20137913,BD2013,BD201379,Farajikandi,
BD55271766,BD5527,BD552717,Farakkabad,
BD10095438,BD1009,BD100954,Farazganj,
BD20302925,BD2030,BD203029,Farhadnagar,
BD20134599,BD2013,BD201345,Faridganj Paurashava,
BD10060747,BD1006,BD100607,Faridpur,
BD30485423,BD3048,BD304854,Faridpur,
BD50763352,BD5076,BD507633,Faridpur,
BD55328243,BD5532,BD553282,Faridpur,
BD30294799,BD3029,BD302947,Faridpur Paurashava,
BD50763399,BD5076,BD507633,Faridpur Paurashava,
BD20842947,BD2084,BD208429,Farua,
BD20221644,BD2022,BD202216,Fasiakhali,
BD20035131,BD2003,BD200351,Fasyakhali,
BD30866544,BD3086,BD308665,Fateh Jangapur,
BD20194047,BD2019,BD201940,Fatehabad,
BD55273047,BD5527,BD552730,Fatehjanapur,
BD20153735,BD2015,BD201537,Fatehpur,
BD30670239,BD3067,BD306702,Fatehpur,
BD30936647,BD3093,BD309366,Fatehpur,
BD40447117,BD4044,BD404471,Fatehpur,
BD45725610,BD4572,BD457256,Fatehpur,
BD50705619,BD5070,BD507056,Fatehpur,
BD60588010,BD6058,BD605880,Fatehpur,
BD60901834,BD6090,BD609018,Fatehpur,
BD60914121,BD6091,BD609141,Fatehpur,
BD60915345,BD6091,BD609153,Fatehpur,
BD20226615,BD2022,BD202266,Fatekharkul,
BD40414741,BD4041,BD404147,Fathehpur,
BD20842538,BD2084,BD208425,Fatik Chhari,
BD30675837,BD3067,BD306758,Fatullah (part),
BD30932359,BD3093,BD309323,Fazilhati,
BD20302930,BD2030,BD203029,Fazilpur,
BD55276434,BD5527,BD552764,Fazilpur,
BD55322123,BD5532,BD553221,Fazlupur,
BD60905054,BD6090,BD609050,Fenarbak,
BD60913523,BD6091,BD609135,Fenchuganj,
BD20302999,BD2030,BD203029,Feni Paurashava,
BD50690942,BD5069,BD506909,Fhaguradiar,
BD40878251,BD4087,BD408782,Fingri,
BD20153741,BD2015,BD201537,Forhadabad,
BD30354313,BD3035,BD303543,Fukura,
BD30567066,BD3056,BD305670,Fukurhati,
BD50108131,BD5010,BD501081,Fulbari,
BD55323011,BD5532,BD553230,Fulbari,
BD60913843,BD6091,BD609138,Fulbari,
BD30333247,BD3033,BD303332,Fulbaria,
BD40509473,BD4050,BD405094,Fulbaria,
BD45612047,BD4561,BD456120,Fulbaria,
BD45612099,BD4561,BD456120,Fulbaria Paurashava,
BD55322135,BD5532,BD553221,Fulchhari,
BD20304167,BD2030,BD203041,Fulgazi,
BD40448044,BD4044,BD404480,Fulhari,
BD30930935,BD3093,BD309309,Fulki,
BD45396138,BD4539,BD453961,Fulkocha,
BD60583523,BD6058,BD605835,Fultala,
BD40441913,BD4044,BD404419,Fursandi,
BD20304174,BD2030,BD203041,G.M.Hat,
BD10424038,BD1042,BD104240,Gabha Ramchandrapur,
BD10424028,BD1042,BD104240,Gabkhan Dhansiri,
BD30931954,BD3093,BD309319,Gabsara,
BD50104033,BD5010,BD501040,Gabtali,
BD50104099,BD5010,BD501040,Gabtali Paurashava,
BD40878631,BD4087,BD408786,Gabura,
BD30333031,BD3033,BD303330,Gachha,
BD10066935,BD1006,BD100669,Gachhua,
BD20157830,BD2015,BD201578,Gachhua,
BD40476433,BD4047,BD404764,Gadaipur,
BD40412335,BD4041,BD404123,Gadkhali,
BD45612225,BD4561,BD456122,Gaffargaon,
BD45612299,BD4561,BD456122,Gaffargaon Paurashava,
BD45726331,BD4572,BD457263,Gaglajur,
BD20157437,BD2015,BD201574,Gahira,
BD45392939,BD4539,BD453929,Gaibandha,
BD10060247,BD1006,BD100602,Gaila,
BD20847871,BD2084,BD208478,Gainda,
BD55852742,BD5585,BD558527,Gajaghanta,
BD20035147,BD2003,BD200351,Gajalia,
BD30295631,BD3029,BD302956,Gajna,
BD20137923,BD2013,BD201379,Gajra,
BD30562851,BD3056,BD305628,Gala,
BD30939541,BD3093,BD309395,Gala,
BD50886714,BD5088,BD508867,Gala,
BD10785767,BD1078,BD107857,Galachipa,
BD45618136,BD4561,BD456181,Galagaon,
BD20193358,BD2019,BD201933,Galiara,
BD20190944,BD2019,BD201909,Galimpur,
BD30266247,BD3026,BD302662,Galimpur,
BD20192755,BD2019,BD201927,Gallai (uttar Gallai Union),
BD10428427,BD1042,BD104284,Galua,
BD45611642,BD4561,BD456116,Gamaritala,
BD45896738,BD4589,BD458967,Ganapaddi,
BD45724740,BD4572,BD457247,Ganda,
BD50885025,BD5088,BD508850,Gandail,
BD20150831,BD2015,BD201508,Gandamara,
BD50644727,BD5064,BD506447,Ganeshpur,
BD55852731,BD5585,BD558527,Gangachara,
BD45617231,BD4561,BD456172,Gangail,
BD40412329,BD4041,BD404123,Ganganandapur,
BD10092128,BD1009,BD100921,Gangapur,
BD40471259,BD4047,BD404712,Gangarampur,
BD40558547,BD4055,BD405585,Gangarampur,
BD40015638,BD4001,BD400156,Gangni,
BD40180739,BD4018,BD401807,Gangni,
BD40574799,BD4057,BD405747,Gangni Paurashava,
BD50647923,BD5064,BD506479,Ganguria,
BD30261441,BD3026,BD302614,Gangutia,
BD50811250,BD5081,BD508112,Ganipur,
BD40441915,BD4044,BD404419,Ganna,
BD30594431,BD3059,BD305944,Gaodia,
BD45721869,BD4572,BD457218,Gaokandia,
BD40015647,BD4001,BD400156,Gaola,
BD50886721,BD5088,BD508867,Garadaha,
BD45724733,BD4572,BD457247,Garadoba,
BD55734543,BD5573,BD557345,Garagram,
BD20153747,BD2015,BD201537,Garduara,
BD55949442,BD5594,BD559494,Gareya,
BD50811055,BD5081,BD508110,Gargari,
BD30863611,BD3086,BD308636,Gariber Char,
BD50108828,BD5010,BD501088,Garidaha,
BD55777343,BD5577,BD557773,Garinabari,
BD20226619,BD2022,BD202266,Garjania,
BD45899031,BD4589,BD458990,Garjaripa,
BD20195450,BD2019,BD201954,Garmora,
BD30564631,BD3056,BD305646,Garpara,
BD40476439,BD4047,BD404764,Garuikhali,
BD10060754,BD1006,BD100607,Garuria,
BD30299039,BD3029,BD302990,Gatti,
BD40017341,BD4001,BD400173,Gaurambha,
BD10042866,BD1004,BD100428,Gaurichanna,
BD40413819,BD4041,BD404138,Gaurighona,
BD50767243,BD5076,BD507672,Gaurigram,
BD10791447,BD1079,BD107914,Gauripur,
BD20193651,BD2019,BD201936,Gauripur,
BD45612331,BD4561,BD456123,Gauripur,
BD45893715,BD4589,BD458937,Gauripur,
BD45612399,BD4561,BD456123,Gauripur Paurashava,
BD55731228,BD5573,BD557312,Gayabari,
BD40559531,BD4055,BD405595,Gayeshpur,
BD50765551,BD5076,BD507655,Gayeshpur,
BD30937643,BD3093,BD309376,Gayhata,
BD10785769,BD1078,BD107857,Gazalia,
BD40013838,BD4001,BD400138,Gazalia,
BD30481135,BD3048,BD304811,Gazaria,
BD30592442,BD3059,BD305924,Gazaria,
BD30686347,BD3068,BD306863,Gazaria,
BD30938527,BD3093,BD309385,Gazaria,
BD55322147,BD5532,BD553221,Gazaria,
BD20134759,BD2013,BD201347,Gazipur,
BD30338625,BD3033,BD303386,Gazipur,
BD45723827,BD4572,BD457238,Gazipur,
BD60362638,BD6036,BD603626,Gazipur,
BD30333099,BD3033,BD303330,Gazipur Paurashava,
BD45612447,BD4561,BD456124,Gazir Bhita,
BD30480643,BD3048,BD304806,Gazir Char,
BD40474066,BD4047,BD404740,Gazir Hat,
BD30292176,BD3029,BD302921,Gazirtek,
BD60367743,BD6036,BD603677,Gaznapur,
BD55945167,BD5594,BD559451,Gedura,
BD30355123,BD3035,BD303551,Ghagar,
BD55322436,BD5532,BD553224,Ghagoa,
BD30333634,BD3033,BD303336,Ghagotia,
BD20842557,BD2084,BD208425,Ghagra,
BD30485927,BD3048,BD304859,Ghagra,
BD45615254,BD4561,BD456152,Ghagra,
BD45728339,BD4572,BD457283,Ghagra,
BD20195447,BD2019,BD201954,Ghagutia,
BD20039119,BD2003,BD200391,Ghalangya,
BD20037357,BD2003,BD200373,Ghandung,
BD55497742,BD5549,BD554977,Gharialdanga,
BD30939547,BD3093,BD309395,Gharinda,
BD30866550,BD3086,BD308665,Gharisar,
BD50882723,BD5088,BD508827,Gharjan,
BD30291039,BD3029,BD302910,Gharua,
BD50815340,BD5081,BD508153,Ghasigram,
BD30932860,BD3093,BD309328,Ghatail,
BD30932899,BD3093,BD309328,Ghatail Paurashava,
BD40477527,BD4047,BD404775,Ghatbhogh,
BD30545429,BD3054,BD305454,Ghatmajhi,
BD50647931,BD5064,BD506479,Ghatnagar,
BD45898854,BD4589,BD458988,Ghazir Khamar,
BD20847538,BD2084,BD208475,Ghila Chhari,
BD20847846,BD2084,BD208478,Ghila Chhari,
BD30562247,BD3056,BD305622,Ghior,
BD45616543,BD4561,BD456165,Ghoga,
BD55495228,BD5549,BD554952,Ghogadaha,
BD20193138,BD2019,BD201931,Gholpasha,
BD40878261,BD4087,BD408782,Ghona,
BD45393617,BD4539,BD453936,Ghoradhap,
BD55274338,BD5527,BD552743,Ghoraghat,
BD50708835,BD5070,BD507088,Ghorapakhia,
BD30686399,BD3068,BD306863,Ghorashal Paurashava,
BD40441921,BD4044,BD404419,Ghorshal,
BD20754755,BD2075,BD207547,Ghoshbagh,
BD45396147,BD4539,BD453961,Ghosher Para,
BD45611652,BD4561,BD456116,Ghoshgaon,
BD50647534,BD5064,BD506475,Ghoshnagar,
BD30291835,BD3029,BD302918,Ghoshpur,
BD55328828,BD5532,BD553288,Ghuridaha,
BD50886157,BD5088,BD508861,Ghurka,
BD60587436,BD6058,BD605874,Giasnagar,
BD55322443,BD5532,BD553224,Gidari,
BD60913547,BD6091,BD609135,Gilachhara,
BD50648639,BD5064,BD506486,Goala,
BD30822999,BD3082,BD308229,Goalandaghat Paurashava,
BD60583529,BD6058,BD605835,Goalbari,
BD55276079,BD5527,BD552760,Goaldihi,
BD45392947,BD4539,BD453929,Goaler Char,
BD50811237,BD5081,BD508112,Goalkandi,
BD20193638,BD2019,BD201936,Goalmari,
BD20129051,BD2012,BD201290,Goalnagar,
BD30485435,BD3048,BD304854,Gobaria Abdullahpur,
BD50811244,BD5081,BD508112,Gobinda Para,
BD10066240,BD1006,BD100662,Gobindapur,
BD20197235,BD2019,BD201972,Gobindapur,
BD20197543,BD2019,BD201975,Gobindapur,
BD30355833,BD3035,BD303558,Gobindapur,
BD30482727,BD3048,BD304827,Gobindapur,
BD50103340,BD5010,BD501033,Gobindapur,
BD30931967,BD3093,BD309319,Gobindasi,
BD45725621,BD4572,BD457256,Gobindasree,
BD30353221,BD3035,BD303532,Gobra,
BD50706633,BD5070,BD507066,Gobratala,
BD50813438,BD5081,BD508134,Godagari,
BD50813499,BD5081,BD508134,Godagari Paurashava,
BD55523338,BD5552,BD555233,Goddimari,
BD40419043,BD4041,BD404190,Goga,
BD30675847,BD3067,BD306758,Gognagar,
BD50813447,BD5081,BD508134,Gogram,
BD50108530,BD5010,BD501085,Gohail,
BD30355839,BD3035,BD303558,Gohala,
BD45728355,BD4572,BD457283,Gohalakanda,
BD50701856,BD5070,BD507018,Gohalbari,
BD30934743,BD3093,BD309347,Gohaliabari,
BD20129058,BD2012,BD201290,Gokarna,
BD50102034,BD5010,BD501020,Gokul,
BD55525529,BD5552,BD555255,Gokunda,
BD20464925,BD2046,BD204649,Golabari,
BD30935766,BD3093,BD309357,Golabari,
BD60913851,BD6091,BD609138,Golabganj,
BD30676839,BD3067,BD306768,Golakandail,
BD55276943,BD5527,BD552769,Golapganj,
BD60913899,BD6091,BD609138,Golapganj Paurashava,
BD10785772,BD1078,BD107857,Golkhali,
BD55733629,BD5573,BD557336,Golmunda,
BD55733636,BD5573,BD557336,Golna,
BD50703752,BD5070,BD507037,Gomastapur,
BD55731547,BD5573,BD557315,Gomnati,
BD50648531,BD5064,BD506485,Gona,
BD40506331,BD4050,BD405063,Gopagram,
BD20301447,BD2030,BD203014,Gopal,
BD30353299,BD3035,BD303532,Gopalganj Paurashava,
BD40555733,BD4055,BD405557,Gopalgram,
BD50102757,BD5010,BD501027,Gopalnagar,
BD20750745,BD2075,BD207507,Gopalpur,
BD30290342,BD3029,BD302903,Gopalpur,
BD30359138,BD3035,BD303591,Gopalpur,
BD30544044,BD3054,BD305440,Gopalpur,
BD40013847,BD4001,BD400138,Gopalpur,
BD50691535,BD5069,BD506915,Gopalpur,
BD55850331,BD5585,BD558503,Gopalpur,
BD55855860,BD5585,BD558558,Gopalpur,
BD50694499,BD5069,BD506944,Gopalpur (Lalpur) Paurashav,
BD30933899,BD3093,BD309338,Gopalpur Paurashava,
BD60364422,BD6036,BD603644,Gopaya,
BD30485940,BD3048,BD304859,Gopedighi,
BD20126350,BD2012,BD201263,Gopinathpur,
BD30353230,BD3035,BD303532,Gopinathpur,
BD30562858,BD3056,BD305628,Gopinathpur,
BD50381315,BD5038,BD503813,Gopinathpur,
BD55850337,BD5585,BD558503,Gopinathpur,
BD30936655,BD3093,BD309366,Gorai,
BD55523947,BD5552,BD555239,Goral,
BD55736425,BD5573,BD557364,Gorgram,
BD50102766,BD5010,BD501027,Gosainbari,
BD45899039,BD4589,BD458990,Gosaipur,
BD30863623,BD3086,BD308636,Gosairhat,
BD40507931,BD4050,BD405079,Gosind Durgapur,
BD30338628,BD3033,BD303386,Gosinga,
BD40010851,BD4001,BD400108,Gota Para,
BD55523347,BD5552,BD555233,Gotamari,
BD30685261,BD3068,BD306852,Gotashia,
BD60910840,BD6091,BD609108,Goula Bazar,
BD60908927,BD6090,BD609089,Gourararang,
BD45896747,BD4589,BD458967,Gourdwar,
BD30294739,BD3029,BD302947,Greda,
BD10063654,BD1006,BD100636,Guabaria,
BD30592452,BD3059,BD305924,Guagachhia,
BD10798738,BD1079,BD107987,Guarekha,
BD45611647,BD4561,BD456116,Guatala,
BD30484234,BD3048,BD304842,Gujadia,
BD10040963,BD1004,BD100409,Gulisakhali,
BD10795851,BD1079,BD107958,Gulishakhali,
BD20845854,BD2084,BD208458,Gulshakhali,
BD20153753,BD2015,BD201537,Guman Mardan,
BD55323016,BD5532,BD553230,Gumaniganj,
BD20467047,BD2046,BD204670,Gumti,
BD20193142,BD2019,BD201931,Gunabati,
BD50103354,BD5010,BD501033,Gunahar,
BD55499455,BD5549,BD554994,Gunaigachh,
BD50762243,BD5076,BD507622,Gunaigachha,
BD45395847,BD4539,BD453958,Gunaritala,
BD30291840,BD3029,BD302918,Gunbaha,
BD30484225,BD3048,BD304842,Gundhar,
BD20129065,BD2012,BD201290,Guniak,
BD30487638,BD3048,BD304876,Gurai,
BD50694199,BD5069,BD506941,Gurudaspur Paurashava,
BD10069431,BD1006,BD100694,Guthia,
BD40473033,BD4047,BD404730,Gutudia,
BD40657640,BD4065,BD406576,Habakhali,
BD30827320,BD3082,BD308273,Habaspur,
BD60908671,BD6090,BD609086,Habibpur,
BD50886787,BD5088,BD508867,Habibulla Nagar,
BD60364499,BD6036,BD603644,Habiganj Paurashava,
BD20156139,BD2015,BD201561,Habilas Dwip,
BD45611351,BD4561,BD456113,Habirbari,
BD30930947,BD3093,BD309309,Habla,
BD55277725,BD5527,BD552777,Habra,
BD50763363,BD5076,BD507633,Hadal,
BD30933858,BD3093,BD309338,Hadira,
BD55777335,BD5577,BD557773,Hafizabad,
BD40414747,BD4041,BD404147,Haibatpur,
BD20156142,BD2015,BD201561,Haidgaon,
BD20150476,BD2015,BD201504,Haildhar,
BD20134747,BD2013,BD201347,Haim Char,
BD30686444,BD3068,BD306864,Hairmara,
BD20155327,BD2015,BD201553,Haitkandi,
BD30670247,BD3067,BD306702,Haizadi,
BD20134935,BD2013,BD201349,Hajiganj,
BD20134999,BD2013,BD201349,Hajiganj Paurashava,
BD50646942,BD5064,BD506469,Hajinagar,
BD10092938,BD1009,BD100929,Hajipur,
BD20750752,BD2075,BD207507,Hajipur,
BD30686029,BD3068,BD306860,Hajipur,
BD55948243,BD5594,BD559482,Hajipur,
BD60586535,BD6058,BD605865,Hajipur,
BD20514350,BD2051,BD205143,Hajir Para,
BD40412341,BD4041,BD404123,Hajirbagh,
BD10096523,BD1009,BD100965,Hajirhat,
BD20513383,BD2051,BD205133,Hajirhat,
BD40411125,BD4041,BD404111,Hakimpur,
BD40448050,BD4044,BD404480,Hakimpur,
BD20157444,BD2015,BD201574,Haladia,
BD10040971,BD1004,BD100409,Haldia,
BD30594439,BD3059,BD305944,Haldia,
BD55328838,BD5532,BD553288,Haldia,
BD20229415,BD2022,BD202294,Haldia Palong,
BD60904719,BD6090,BD609047,Haldipur,
BD40441926,BD4044,BD404419,Halidhani,
BD30480651,BD3048,BD304806,Halimpur,
BD50696343,BD5069,BD506963,Halsa,
BD45612461,BD4561,BD456124,Haluaghat,
BD40652823,BD4065,BD406528,Hamidpur,
BD55277734,BD5527,BD552777,Hamidpur,
BD50811256,BD5081,BD508112,Hamir Kutsha,
BD30291047,BD3029,BD302910,Hamirdi,
BD20132258,BD2013,BD201322,Hanar Char,
BD50762251,BD5076,BD507622,Handial,
BD50646058,BD5064,BD506460,Hapania,
BD20468038,BD2046,BD204680,Hapchhari,
BD55854223,BD5585,BD558542,Haragachh,
BD50817251,BD5081,BD508172,Haragram,
BD20157835,BD2015,BD201578,Haramia,
BD20120756,BD2012,BD201207,Harashpur,
BD55525536,BD5552,BD555255,Harati,
BD20221650,BD2022,BD202216,Harbang,
BD40180747,BD4018,BD401807,Hardi,
BD30567076,BD3056,BD305670,Hargaz,
BD50817254,BD5081,BD508172,Harian,
BD55859263,BD5585,BD558592,Hariarkuti,
BD55777347,BD5577,BD557773,Haribhasa,
BD30548031,BD3054,BD305480,Haridasdi Mahendradi,
BD40416127,BD4041,BD404161,Haridaskati,
BD30353234,BD3035,BD303532,Haridaspur,
BD55854923,BD5585,BD558549,Haridebpur,
BD40476444,BD4047,BD404764,Haridhali,
BD40416133,BD4041,BD404161,Hariharnagar,
BD40441499,BD4044,BD404414,Harinakunda Paurashava,
BD40507937,BD4050,BD405079,Harinarayanpur,
BD10063667,BD1006,BD100636,Harinathpur,
BD55326728,BD5532,BD553267,Harinathpur,
BD55731557,BD5573,BD557315,Harinchara,
BD20129073,BD2012,BD201290,Haripur,
BD50762260,BD5076,BD507622,Haripur,
BD50817261,BD5081,BD508172,Haripur,
BD55329144,BD5532,BD553291,Haripur,
BD55945181,BD5594,BD559451,Haripur,
BD45619438,BD4561,BD456194,Harirampur,
BD55277743,BD5527,BD552777,Harirampur,
BD55323022,BD5532,BD553230,Harirampur,
BD30269351,BD3026,BD302693,Harirampur (Part),
BD40441931,BD4044,BD404419,Harishankarpur,
BD20157840,BD2015,BD201578,Harispur,
BD20753647,BD2075,BD207536,Harni,
BD10069442,BD1006,BD100694,Harta,
BD30562865,BD3056,BD305628,Harukandi,
BD20153342,BD2015,BD201533,Harwalchhari,
BD30599455,BD3059,BD305994,Hasail Banari,
BD30598440,BD3059,BD305984,Hasara,
BD50646065,BD5064,BD506460,Hashaighari,
BD20151866,BD2015,BD201518,Hashimpur,
BD20197431,BD2019,BD201974,Hasnabad,
BD55496131,BD5549,BD554961,Hasnabad,
BD10092138,BD1009,BD100921,Hassan Nagar,
BD50108137,BD5010,BD501081,Hat Sherpur,
BD40507944,BD4050,BD405079,Hatas Haripur,
BD45391565,BD4539,BD453915,Hatebhanga,
BD20153759,BD2015,BD201537,Hathazari,
BD30564639,BD3056,BD305646,Hati Para,
BD55499461,BD5549,BD554994,Hatia,
BD50699139,BD5069,BD506991,Hatiandaha,
BD30354320,BD3035,BD303543,Hatiara,
BD30938540,BD3093,BD309385,Hatibandha,
BD45893717,BD4589,BD458937,Hatibandha Malijhikanda,
BD50889436,BD5088,BD508894,Hatikumrul,
BD20134965,BD2013,BD201349,Hatila Purba,
BD20753699,BD2075,BD207536,Hatiya Paurashava,
BD50640342,BD5064,BD506403,Hatkalu Para,
BD50768328,BD5076,BD507683,Hatkhali,
BD60916232,BD6091,BD609162,Hatkhola,
BD20751019,BD2075,BD207510,Hatpukuria Ghatlabag,
BD50645047,BD5064,BD506450,Hatur,
BD50761631,BD5076,BD507616,Haturia Nakalia,
BD10092557,BD1009,BD100925,Hazariganj,
BD40555740,BD4055,BD405557,Hazipur,
BD55773453,BD5577,BD557734,Hazradanga,
BD40555747,BD4055,BD405557,Hazrapur,
BD30263817,BD3026,BD302638,Hazratpur,
BD40874331,BD4087,BD408743,Helatala,
BD50765560,BD5076,BD507655,Hemayetpur,
BD30933865,BD3093,BD309338,Hemnagar,
BD20198757,BD2019,BD201987,Hesakhal,
BD30480660,BD3048,BD304806,Hilachia,
BD20155328,BD2015,BD201553,Hinguli,
BD30355131,BD3035,BD303551,Hiran,
BD40011447,BD4001,BD400114,Hizla,
BD10063681,BD1006,BD100636,Hizla Gaurabdi,
BD20224947,BD2022,BD202249,Hoanak,
BD40503940,BD4050,BD405039,Hogalbaria,
BD45728363,BD4572,BD457283,Hogla,
BD40016047,BD4001,BD400160,Hogla Pasha,
BD40016041,BD4001,BD400160,Hoglabunia,
BD55495238,BD5549,BD554952,Holokhana,
BD20195499,BD2019,BD201954,Homna Paurashava,
BD20195466,BD2019,BD201954,Homna Union,
BD30487947,BD3048,BD304879,Hosendi,
BD10044747,BD1004,BD100447,Hosnabad,
BD20157025,BD2015,BD201570,Hosnabad,
BD55948647,BD5594,BD559486,Hossain Gaon,
BD30592463,BD3059,BD305924,Hossaindi,
BD30548038,BD3054,BD305480,Hossainpur,
BD55326738,BD5532,BD553267,Hossainpur,
BD30482799,BD3048,BD304827,Hossainpur Paurashava,
BD40183135,BD4018,BD401831,Howli,
BD30939553,BD3093,BD309395,Hugra,
BD50817265,BD5081,BD508172,Hujuri Para,
BD30480669,BD3048,BD304806,Humaipur,
BD40017347,BD4001,BD400173,Hurka,
BD20128527,BD2012,BD201285,Ibrahimpur,
BD20132263,BD2013,BD201322,Ibrahimpur,
BD20155329,BD2015,BD201553,Ichhakhali,
BD40414753,BD4041,BD404147,Ichhali,
BD20516538,BD2051,BD205165,Ichhapur,
BD30597433,BD3059,BD305974,Ichhapur,
BD20222435,BD2022,BD202224,Idgaon,
BD20226628,BD2022,BD202266,Idgar,
BD30863635,BD3086,BD308636,Idilpur,
BD55328251,BD5532,BD553282,Idilpur,
BD10791459,BD1079,BD107914,Ikri,
BD10091851,BD1009,BD100918,Illisha,
BD10061052,BD1006,BD100610,Iluhar,
BD30592473,BD3059,BD305924,Imampur,
BD60367751,BD6036,BD603677,Inathganj,
BD20194011,BD2019,BD201940,Isab Pur,
BD50642852,BD5064,BD506428,Isabpur,
BD55273055,BD5527,BD552730,Isabpur,
BD60912717,BD6091,BD609127,Ishakalas,
BD30294747,BD3029,BD302947,Ishan Gopalpur,
BD55272140,BD5527,BD552721,Ishania,
BD50694466,BD5069,BD506944,Ishwardi,
BD50763999,BD5076,BD507639,Ishwardi Paurashava,
BD45613140,BD4561,BD456131,Ishwarganj,
BD45613199,BD4561,BD456131,Ishwarganj Paurashava,
BD40878639,BD4087,BD408786,Ishwaripur,
BD30548047,BD3054,BD305480,Isibpur,
BD30862540,BD3086,BD308625,Islam Pur,
BD20137925,BD2013,BD201379,Islamabad,
BD20222442,BD2022,BD202224,Islamabad,
BD40879015,BD4087,BD408790,Islamkati,
BD20157021,BD2015,BD201570,Islampur,
BD20222438,BD2022,BD202224,Islampur,
BD30820747,BD3082,BD308207,Islampur,
BD45392955,BD4539,BD453929,Islampur,
BD50706639,BD5070,BD507066,Islampur,
BD60585628,BD6058,BD605856,Islampur,
BD60912711,BD6091,BD609127,Islampur Paschim,
BD45392999,BD4539,BD453929,Islampur Paurashava,
BD60912713,BD6091,BD609127,Islampur Purba,
BD10789520,BD1078,BD107895,Itabaria,
BD45393623,BD4539,BD453936,Itail,
BD55736431,BD5573,BD557364,Itakhola,
BD55857328,BD5585,BD558573,Itakumari,
BD50699147,BD5069,BD506991,Italy,
BD30483351,BD3048,BD304833,Itna,
BD40655218,BD4065,BD406552,Itna,
BD55948251,BD5594,BD559482,Jabarhat,
BD30261447,BD3026,BD302614,Jadabpur,
BD30938554,BD3093,BD309385,Jadabpur,
BD40447123,BD4044,BD404471,Jadabpur,
BD40507134,BD4050,BD405071,Jadu Boyra,
BD30299044,BD3029,BD302990,Jadunandi,
BD55497935,BD5549,BD554979,Jadur Char,
BD30484243,BD3048,BD304842,Jafarabad,
BD20194065,BD2019,BD201940,Jafarganj,
BD20153347,BD2015,BD201533,Jafarnagar,
BD60902938,BD6090,BD609029,Jagaddal,
BD40411134,BD4041,BD404111,Jagadishpur,
BD60367169,BD6036,BD603671,Jagadishpur,
BD20193147,BD2019,BD201931,Jagannath Dighi,
BD20196765,BD2019,BD201967,Jagannathpur,
BD40507143,BD4050,BD405071,Jagannathpur,
BD55949447,BD5594,BD559494,Jagannathpur,
BD60904799,BD6090,BD609047,Jagannathpur Paurashava,
BD55527027,BD5552,BD555270,Jagatber,
BD40507950,BD4050,BD405079,Jagati,
BD20199435,BD2019,BD201994,Jagatpur,
BD40555754,BD4055,BD405557,Jagdal,
BD10065160,BD1006,BD100651,Jagua,
BD20753657,BD2075,BD207536,Jahajmara,
BD50815354,BD5081,BD508153,Jahanabad,
BD60908933,BD6090,BD609089,Jahangirnagar,
BD45617239,BD4561,BD456172,Jahangirpur,
BD10092563,BD1009,BD100925,Jahanpur,
BD50642863,BD5064,BD506428,Jahanpur,
BD20198140,BD2019,BD201981,Jahapur,
BD30295637,BD3029,BD302956,Jahapur,
BD40410966,BD4041,BD404109,Jaharpur,
BD20137930,BD2013,BD201379,Jahirabad,
BD60583547,BD6058,BD605835,Jaifarnagar,
BD30564655,BD3056,BD305646,Jaigir,
BD20302538,BD2030,BD203025,Jailashkara,
BD10789527,BD1078,BD107895,Jainkati,
BD30597440,BD3059,BD305974,Jainsar,
BD60915352,BD6091,BD609153,Jaintapur,
BD10798747,BD1079,BD107987,Jalabari,
BD20222445,BD2022,BD202224,Jalalabad,
BD30353238,BD3035,BD303532,Jalalabad,
BD60916234,BD6091,BD609162,Jalalabad,
BD30484538,BD3048,BD304845,Jalalpur,
BD40879023,BD4087,BD408790,Jalalpur,
BD50886729,BD5088,BD508867,Jalalpur,
BD60913137,BD6091,BD609131,Jalalpur,
BD20190956,BD2019,BD201909,Jalam,
BD20229431,BD2022,BD202294,Jalia Palong,
BD30355844,BD3035,BD303558,Jalirpar,
BD10069452,BD1006,BD100694,Jalla,
BD40874339,BD4087,BD408743,Jallabad,
BD40471271,BD4047,BD404712,Jalma,
BD60360254,BD6036,BD603602,Jalsuka,
BD40443320,BD4044,BD404433,Jamal,
BD60905067,BD6090,BD609050,Jamalganj,
BD30333460,BD3033,BD303334,Jamalpur,
BD30820757,BD3082,BD308207,Jamalpur,
BD50384766,BD5038,BD503847,Jamalpur,
BD55328260,BD5532,BD553282,Jamalpur,
BD55949452,BD5594,BD559494,Jamalpur,
BD45393699,BD4539,BD453936,Jamalpur Paurashava,
BD50701875,BD5070,BD507018,Jambaria,
BD40410957,BD4041,BD404109,Jamdia,
BD50105428,BD5010,BD501054,Jamgaon,
BD40476957,BD4047,BD404769,Jamira,
BD30568260,BD3056,BD305682,Jamirta,
BD40180755,BD4018,BD401807,Jamjami,
BD50690976,BD5069,BD506909,Jamnagar,
BD30670434,BD3067,BD306704,Jampur,
BD30568269,BD3056,BD305682,Jamsha,
BD50884438,BD5088,BD508844,Jamtail,
BD30932869,BD3093,BD309328,Jamuria,
BD30936663,BD3093,BD309366,Jamurki,
BD30820766,BD3082,BD308207,Jangal,
BD10066271,BD1006,BD100662,Jangalia,
BD30333469,BD3033,BD303334,Jangalia,
BD30487957,BD3048,BD304879,Jangalia,
BD20156152,BD2015,BD201561,Janglukhain,
BD40506337,BD4050,BD405063,Janipur,
BD30266254,BD3026,BD302662,Jantrail,
BD30866556,BD3086,BD308665,Japsa,
BD30487647,BD3048,BD304876,Jaraitala,
BD45728371,BD4572,BD457283,Jaria,
BD30827325,BD3082,BD308273,Jashai,
BD30599463,BD3059,BD305994,Jashalong,
BD30484943,BD3048,BD304849,Jasodal,
BD45613145,BD4561,BD456131,Jatia,
BD20198145,BD2019,BD201981,Jatrapur,
BD40010860,BD4001,BD400108,Jatrapur,
BD55495247,BD5549,BD554952,Jatrapur,
BD50761642,BD5076,BD507616,Jatsakhni,
BD30489254,BD3048,BD304892,Jawar,
BD60902352,BD6090,BD609023,Jawar Bazar,
BD20758359,BD2075,BD207583,Jayag,
BD40506343,BD4050,BD405063,Jayanti Hajra,
BD40180763,BD4018,BD401807,Jehala,
BD50818254,BD5081,BD508182,Jeopara,
BD45612231,BD4561,BD456122,Jessora,
BD40414799,BD4041,BD404147,Jessore Paurashava,
BD55772551,BD5577,BD557725,Jhalaishalsiri,
BD50813135,BD5081,BD508131,Jhaluka,
BD40416139,BD4041,BD404161,Jhanpa,
BD40878267,BD4087,BD408782,Jhaudanga,
BD30545435,BD3054,BD305454,Jhaudi,
BD40507963,BD4050,BD405079,Jhaudia,
BD45396157,BD4539,BD453961,Jhaugara,
BD30933873,BD3093,BD309338,Jhawail,
BD50884457,BD5088,BD508844,Jhawail,
BD40441999,BD4044,BD404419,Jhenaidah Paurashava,
BD45893725,BD4589,BD458937,Jhenaigati,
BD40412347,BD4041,BD404123,Jhikargachha,
BD40412399,BD4041,BD404123,Jhikargachha Paurashava,
BD50811263,BD5081,BD508112,Jhikra,
BD50706644,BD5070,BD507066,Jhilim,
BD20222447,BD2022,BD202224,Jhilwanja,
BD60915938,BD6091,BD609159,Jhingrabari,
BD55731238,BD5573,BD557312,Jhunagachh Chapani,
BD40507956,BD4050,BD405079,Jiarakhi,
BD20199445,BD2019,BD201994,Jiarkandi,
BD40185599,BD4018,BD401855,Jiban Nagar Paurashava,
BD20848740,BD2084,BD208487,Jibtali,
BD30686379,BD3068,BD306863,Jinardi,
BD30482740,BD3048,BD304827,Jinari,
BD20193647,BD2019,BD201936,Jinglatali,
BD10092566,BD1009,BD100925,Jinnaghar,
BD20156194,BD2015,BD201561,Jiri,
BD20750756,BD2075,BD207507,Jirtali,
BD40016053,BD4001,BD400160,Jiudhara,
BD30561066,BD3056,BD305610,Jiyanpur,
BD20151876,BD2015,BD201518,Joara,
BD50691547,BD5069,BD506915,Joari,
BD20226638,BD2022,BD202266,Joarianala,
BD20198760,BD2019,BD201987,Jodda,
BD45897034,BD4589,BD458970,Jogania,
BD50811269,BD5081,BD508112,Jogi Para,
BD40874355,BD4087,BD408743,Jogikhali,
BD50691559,BD5069,BD506915,Jonail,
BD55527040,BD5552,BD555270,Jongra,
BD55731566,BD5573,BD557315,Jorabari,
BD40441452,BD4044,BD404414,Joradaha,
BD45395859,BD4539,BD453958,Jorekhali,
BD50109542,BD5010,BD501095,Jorgachha,
BD30687652,BD3068,BD306876,Josar,
BD55271047,BD5527,BD552710,Jotbani,
BD30568251,BD3056,BD305682,Joy Mantap,
BD30483360,BD3048,BD304833,Joy Siddhi,
BD20192731,BD2019,BD201927,Joyag (dakshin Bara Karai),
BD60586541,BD6058,BD605865,Joychandi,
BD30484251,BD3048,BD304842,Joyka,
BD60902733,BD6090,BD609027,Joykalas,
BD30266261,BD3026,BD302662,Joykrishnapur,
BD55490657,BD5549,BD554906,Joymanirhat,
BD30687663,BD3068,BD306876,Joynagar,
BD30869443,BD3086,BD308694,Joynagar,
BD40652839,BD4065,BD406528,Joynagar,
BD40874347,BD4087,BD408743,Joynagar,
BD50813147,BD5081,BD508131,Joynagar,
BD20195425,BD2019,BD201954,Joypur,
BD40655223,BD4065,BD406552,Joypur,
BD55276951,BD5527,BD552769,Joypur,
BD50384799,BD5038,BD503847,Joypurhat Paurashava,
BD60903247,BD6090,BD609032,Joysree,
BD20466742,BD2046,BD204667,Juggachhala,
BD40474875,BD4047,BD404748,Jugipole,
BD45612467,BD4561,BD456124,Jugli,
BD20150481,BD2015,BD201504,Juidandi,
BD20156155,BD2015,BD201561,Juldha,
BD55328847,BD5532,BD553288,Jummerbari,
BD20128536,BD2012,BD201285,Junedpur,
BD40501567,BD4050,BD405015,Juniadaha,
BD20844757,BD2084,BD208447,Jurai Chhari,
BD40183147,BD4018,BD401831,Juranpur,
BD10060761,BD1006,BD100607,Kabai,
BD20464363,BD2046,BD204643,Kabakhali,
BD20758047,BD2075,BD207580,Kabilpur,
BD55857647,BD5585,BD558576,Kabilpur,
BD30548057,BD3054,BD305480,Kabirajpur,
BD20754799,BD2075,BD207547,Kabirhat Paurashava,
BD55496137,BD5549,BD554961,Kachakata,
BD20226647,BD2022,BD202266,Kachhapia,
BD50811272,BD5081,BD508112,Kachhari Kayali Para,
BD10091858,BD1009,BD100918,Kachia,
BD10092147,BD1009,BD100921,Kachia,
BD30861451,BD3086,BD308614,Kachikata,
BD45611360,BD4561,BD456113,Kachina,
BD30670443,BD3067,BD306704,Kachpur,
BD40013857,BD4001,BD400138,Kachua,
BD40414771,BD4041,BD404147,Kachua,
BD55328857,BD5532,BD553288,Kachua,
BD20135899,BD2013,BD201358,Kachua Paurashava,
BD20156158,BD2015,BD201561,Kachuai,
BD55736437,BD5573,BD557364,Kachukata,
BD40870456,BD4087,BD408704,Kadakati,
BD20157450,BD2015,BD201574,Kadalpur,
BD50694476,BD5069,BD506944,Kadam Chilan,
BD30670699,BD3067,BD306706,Kadam Rasul Paurashava,
BD30548066,BD3054,BD305480,Kadambari,
BD10798025,BD1079,BD107980,Kadamtala,
BD20758760,BD2075,BD207587,Kadir Hanif,
BD30484260,BD3048,BD304842,Kadir Jangal,
BD40559542,BD4055,BD405595,Kadir Para,
BD20750763,BD2075,BD207507,Kadirpur,
BD30548747,BD3054,BD305487,Kadirpur,
BD60586553,BD6058,BD605865,Kadirpur,
BD20135855,BD2013,BD201358,Kadla,
BD20758057,BD2075,BD207580,Kadra,
BD55855862,BD5585,BD558558,Kafrikhal,
BD50696351,BD5069,BD506963,Kafuria,
BD50104047,BD5010,BD501040,Kagail,
BD60361144,BD6036,BD603611,Kagapasha,
BD50105438,BD5010,BD501054,Kahaloo,
BD50105499,BD5010,BD501054,Kahaloo Paurashava,
BD20221661,BD2022,BD202216,Kaiarbil,
BD30296250,BD3029,BD302962,Kaichail,
BD45612474,BD4561,BD456124,Kaichapur,
BD30294755,BD3029,BD302947,Kaijuri,
BD50886736,BD5088,BD508867,Kaijuri,
BD40878647,BD4087,BD408786,Kaikhali,
BD55857338,BD5585,BD558573,Kaikuri,
BD40874387,BD4087,BD408743,Kaila,
BD30480672,BD3048,BD304806,Kailag,
BD30266267,BD3026,BD302662,Kailail,
BD40471752,BD4047,BD404717,Kailasganj,
BD45724023,BD4572,BD457240,Kailati,
BD45727431,BD4572,BD457274,Kailati,
BD55733651,BD5573,BD557336,Kaimari,
BD20126356,BD2012,BD201263,Kaimpur,
BD45725642,BD4572,BD457256,Kaitail,
BD20128540,BD2012,BD201285,Kaitala Dakshin,
BD20128542,BD2012,BD201285,Kaitala Uttar,
BD20224554,BD2022,BD202245,Kaiyarbil,
BD55772558,BD5577,BD557725,Kajal Dighi Kaliganj,
BD60919447,BD6091,BD609194,Kajalshar,
BD30353243,BD3035,BD303532,Kajulia,
BD60360267,BD6036,BD603602,Kakailseo,
BD45721877,BD4572,BD457218,Kakairgara,
BD50813400,BD5081,BD508134,Kakanhat Paurashava,
BD45897038,BD4589,BD458970,Kakarkandi,
BD10048523,BD1004,BD100485,Kakchira,
BD20221655,BD2022,BD202216,Kakhara,
BD45899047,BD4589,BD458990,Kakilakura,
BD55523953,BD5552,BD555239,Kakina,
BD45618140,BD4561,BD456181,Kakni,
BD30938567,BD3093,BD309385,Kakrajan,
BD30939571,BD3093,BD309395,Kakua,
BD20199462,BD2019,BD201994,Kala Kandi,
BD30670255,BD3067,BD306702,Kala Paharia,
BD30355139,BD3035,BD303551,Kalabari,
BD40652847,BD4065,BD406528,Kalabaria,
BD45612053,BD4561,BD456120,Kaladaha,
BD20758765,BD2075,BD207587,Kaladaraf,
BD30670647,BD3067,BD306706,Kalagachhia,
BD50105447,BD5010,BD501054,Kalai Majh Para,
BD50385899,BD5038,BD503858,Kalai Paurashava,
BD60367758,BD6036,BD603677,Kalair Banga,
BD10783853,BD1078,BD107838,Kalaiya,
BD20137932,BD2013,BD201379,Kalakanda,
BD10798034,BD1079,BD107980,Kalakhali,
BD30266274,BD3026,BD302662,Kalakopa,
BD50699155,BD5069,BD506991,Kalam,
BD20842576,BD2084,BD208425,Kalampati,
BD30291055,BD3029,BD302910,Kalamridha,
BD20845860,BD2084,BD208458,Kalapakurjya,
BD20157855,BD2015,BD201578,Kalapania,
BD60588328,BD6058,BD605883,Kalapur,
BD20224959,BD2022,BD202249,Kalarmarchhara,
BD40874399,BD4087,BD408743,Kalaroa Paurashava,
BD60902357,BD6090,BD609023,Kalaruka,
BD10060767,BD1006,BD100607,Kalaskati,
BD45897041,BD4589,BD458970,Kalaspur,
BD40011466,BD4001,BD400114,Kalatala,
BD30263825,BD3026,BD302638,Kalatia,
BD20154743,BD2015,BD201547,Kalauzan,
BD50102776,BD5010,BD501027,Kaler Para,
BD30561076,BD3056,BD305610,Kalia,
BD30938581,BD3093,BD309385,Kalia,
BD50887825,BD5088,BD508878,Kalia Haripur,
BD40652899,BD4065,BD406528,Kalia Paurashava,
BD20158247,BD2015,BD201582,Kaliais,
BD30333299,BD3033,BD303332,Kaliakair Paurashava,
BD45727439,BD4572,BD457274,Kaliara Gabragat,
BD40441942,BD4044,BD404419,Kalicharanpur,
BD20302943,BD2030,BD203029,Kalidah,
BD40180751,BD4018,BD401807,Kalidashpur,
BD30333499,BD3033,BD303334,Kaliganj,
BD55496144,BD5549,BD554961,Kaliganj,
BD40443399,BD4044,BD404433,Kaliganj Paurashava,
BD60588338,BD6058,BD605883,Kalighat,
BD50648542,BD5064,BD506485,Kaligram,
BD30934799,BD3093,BD309347,Kalihati Paurashava,
BD30481147,BD3048,BD304811,Kalika Prasad,
BD20129428,BD2012,BD201294,Kalikachchha,
BD10789533,BD1078,BD107895,Kalikapur,
BD20193152,BD2019,BD201931,Kalikapur,
BD30545441,BD3054,BD305454,Kalikapur,
BD30824730,BD3082,BD308247,Kalikapur,
BD50640352,BD5064,BD506403,Kalikapur,
BD50644733,BD5064,BD506447,Kalikapur,
BD30827335,BD3082,BD308273,Kalimahar,
BD30263834,BD3026,BD302638,Kalindi,
BD20150844,BD2015,BD201508,Kalipur,
BD20196768,BD2019,BD201967,Kalir Bazar (Dakshin),
BD20196773,BD2019,BD201967,Kalir Bazar (Uttar),
BD10783859,BD1078,BD107838,Kalisuri,
BD60904738,BD6090,BD609047,Kalkalia,
BD30544099,BD3054,BD305440,Kalkini Paurashava,
BD10095447,BD1009,BD100954,Kalma,
BD30480259,BD3048,BD304802,Kalma,
BD30594447,BD3059,BD305944,Kalma,
BD50819454,BD5081,BD508194,Kalma,
BD45724035,BD4572,BD457240,Kalmakanda,
BD10048535,BD1004,BD100485,Kalmegha,
BD40657647,BD4065,BD406576,Kalora,
BD55857347,BD5585,BD558573,Kalyani,
BD10785775,BD1078,BD107857,Kalyankalas,
BD20132220,BD2013,BD201322,Kalyanpur,
BD55520259,BD5552,BD555202,Kamalabari,
BD10789540,BD1078,BD107895,Kamalapur,
BD20464947,BD2046,BD204649,Kamalchhari,
BD55328866,BD5532,BD553288,Kamaler Para,
BD60585638,BD6058,BD605856,Kamalganj,
BD60585699,BD6058,BD605856,Kamalganj Paurashava,
BD50108144,BD5010,BD501081,Kamalpur,
BD55276443,BD5527,BD552764,Kamalpur,
BD60587443,BD6058,BD605874,Kamalpur,
BD60588021,BD6058,BD605880,Kamar Chak,
BD55738540,BD5573,BD557385,Kamar Pukur,
BD55323027,BD5532,BD553230,Kamardaha,
BD45898861,BD4589,BD458988,Kamarer Char,
BD45618145,BD4561,BD456181,Kamargaon,
BD50819457,BD5081,BD508194,Kamargaon,
BD45618149,BD4561,BD456181,Kamaria,
BD45898867,BD4589,BD458988,Kamaria,
BD55322451,BD5532,BD553224,Kamarjani,
BD30295642,BD3029,BD302956,Kamarkhali,
BD30599471,BD3059,BD305994,Kamarkhara,
BD40471763,BD4047,BD404717,Kamarkhola,
BD55777359,BD5577,BD557773,Kamat Kajal Dighi,
BD55323033,BD5532,BD553230,Kamdia,
BD45398542,BD4539,BD453985,Kamrabad,
BD60915947,BD6091,BD609159,Kanaighat,
BD60915999,BD6091,BD609159,Kanaighat Paurashava,
BD30294763,BD3029,BD302947,Kanaipur,
BD10783865,BD1078,BD107838,Kanakdia,
BD60587451,BD6058,BD605874,Kanakpur,
BD30594455,BD3059,BD305944,Kanaksar,
BD20198149,BD2019,BD201981,Kanalla,
BD20153352,BD2015,BD201533,Kanchan Nagar,
BD30676800,BD3067,BD306768,Kanchan Paurashava,
BD20158251,BD2015,BD201582,Kanchana,
BD20151885,BD2015,BD201518,Kanchanabad,
BD20516542,BD2051,BD205165,Kanchanpur,
BD30562873,BD3056,BD305628,Kanchanpur,
BD30930959,BD3093,BD309309,Kanchanpur,
BD40448056,BD4044,BD404480,Kancherkol,
BD10783847,BD1078,BD107838,Kanchi Para,
BD55322159,BD5532,BD553221,Kanchi Para,
BD55329150,BD5532,BD553291,Kanchibari,
BD30685267,BD3068,BD306852,Kanchikata,
BD20151247,BD2015,BD201512,Kandhurkhil,
BD30355147,BD3035,BD303551,Kandi,
BD55857357,BD5585,BD558573,Kandi,
BD60916238,BD6091,BD609162,Kandigaon,
BD20197277,BD2019,BD201972,Kandirpar,
BD45724747,BD4572,BD457247,Kandiura,
BD30862547,BD3086,BD308625,Kaneshwar,
BD20842971,BD2084,BD208429,Kangara Chhari,
BD45893743,BD4589,BD458937,Kangsha,
BD45619447,BD4561,BD456194,Kanihari,
BD20193157,BD2019,BD201931,Kankapait,
BD50708841,BD5070,BD507088,Kansat,
BD50644740,BD5064,BD506447,Kanso Para,
BD45619457,BD4561,BD456194,Kanthal,
BD30548752,BD3054,BD305487,Kanthalbari,
BD55495257,BD5549,BD554952,Kanthalbari,
BD55733658,BD5573,BD557336,Kanthali,
BD10424363,BD1042,BD104243,Kanthalia,
BD30686047,BD3068,BD306860,Kanthalia,
BD10048547,BD1004,BD100485,Kanthaltali,
BD50887834,BD5088,BD508878,Kaoakola,
BD30930983,BD3093,BD309309,Kaoaljani,
BD30291063,BD3029,BD302910,Kaolibera,
BD30338638,BD3033,BD303386,Kaoraid,
BD40183159,BD4018,BD401831,Kapasadanga,
BD40441463,BD4044,BD404414,Kapashati,
BD30333643,BD3033,BD303336,Kapasia,
BD55329156,BD5532,BD553291,Kapasia,
BD40476450,BD4047,BD404764,Kapilmuni,
BD20843657,BD2084,BD208436,Kaptai,
BD40010869,BD4001,BD400108,Kara Para,
BD60366840,BD6036,BD603668,Karab,
BD10787640,BD1078,BD107876,Karabunia,
BD20135863,BD2013,BD201358,Karaia,
BD10040979,BD1004,BD100409,Karaibaria,
BD45395871,BD4539,BD453958,Karaichara,
BD50767251,BD5076,BD507672,Karanja,
BD30939559,BD3093,BD309395,Karatia,
BD20155335,BD2015,BD201553,Karerhat,
BD30484547,BD3048,BD304845,Kargaon,
BD60367765,BD6036,BD603677,Kargaon,
BD30333651,BD3033,BD303336,Karihata,
BD20199467,BD2019,BD201994,Karikandi,
BD30484299,BD3048,BD304842,Karimganj Paurashava,
BD30686041,BD3068,BD306860,Karimpur,
BD60902947,BD6090,BD609029,Karimpur,
BD60586559,BD6058,BD605865,Karmadha,
BD50108156,BD5010,BD501081,Karnibari,
BD20516547,BD2051,BD205165,Karpara,
BD30353247,BD3035,BD303532,Karpara,
BD30487657,BD3048,BD304876,Karpasha,
BD30355850,BD3035,BD303558,Kasalia,
BD20126363,BD2012,BD201263,Kasba,
BD50705638,BD5070,BD507056,Kasba,
BD30827340,BD3082,BD308273,Kasba Majhail,
BD20126399,BD2012,BD201263,Kasba Paurashava,
BD50644747,BD5064,BD506447,Kashab,
BD30354327,BD3035,BD303543,Kashiani,
BD30930971,BD3093,BD309309,Kashil,
BD40878655,BD4087,BD408786,Kashimari,
BD40416144,BD4041,BD404161,Kashimnagar,
BD30333047,BD3033,BD303330,Kashimpur,
BD40414765,BD4041,BD404147,Kashimpur,
BD45616551,BD4561,BD456165,Kashimpur,
BD50648552,BD5064,BD506485,Kashimpur,
BD20193161,BD2019,BD201931,Kashinagar,
BD50767260,BD5076,BD507672,Kashinathpur,
BD10065169,BD1006,BD100651,Kashipur,
BD30675863,BD3067,BD306758,Kashipur,
BD40655231,BD4065,BD406552,Kashipur,
BD55491854,BD5549,BD554918,Kashipur,
BD55948655,BD5594,BD559486,Kashipur,
BD40443340,BD4044,BD404433,Kashtabhanga,
BD20156164,BD2015,BD201561,Kasiais,
BD30480271,BD3048,BD304802,Kastail,
BD40555761,BD4055,BD405557,Kasundi,
BD55323039,BD5532,BD553230,Katabari,
BD20155341,BD2015,BD201553,Katachhara,
BD60908936,BD6090,BD609089,Katair,
BD50817200,BD5081,BD508172,Katakhali Paurashava,
BD30599479,BD3059,BD305994,Kathadia Shimulia,
BD20150850,BD2015,BD201508,Katharia,
BD40574742,BD4057,BD405747,Kathuli,
BD30353251,BD3035,BD303532,Kati,
BD30484557,BD3048,BD304845,Katiadi,
BD30484599,BD3048,BD304845,Katiadi Paurashava,
BD55271059,BD5527,BD552710,Katla,
BD30939565,BD3093,BD309395,Katuli,
BD20226666,BD2022,BD202266,Kauarkhop,
BD30267250,BD3026,BD302672,Kaundia,
BD55854227,BD5585,BD558542,Kaunia Bala Para,
BD10794747,BD1079,BD107947,Kawkhali,
BD40507151,BD4050,BD405071,Kaya,
BD30597447,BD3059,BD305974,Kayain,
BD30333054,BD3033,BD303330,Kayaltia,
BD20466515,BD2046,BD204665,Kayangghat,
BD30544056,BD3054,BD305440,Kayaria,
BD40419051,BD4041,BD404190,Kayba,
BD50886743,BD5088,BD508867,Kayempur,
BD30676855,BD3067,BD306768,Kayet Para,
BD30544063,BD3054,BD305440,Kazibakai,
BD55273866,BD5527,BD552738,Kazihal,
BD40574752,BD4057,BD405747,Kazipur,
BD50885034,BD5088,BD508850,Kazipur,
BD50885099,BD5088,BD508850,Kazipur Paurashava,
BD10066947,BD1006,BD100669,Kazir Char,
BD10044759,BD1004,BD100447,Kazirabad,
BD20302947,BD2030,BD203029,Kazirbag,
BD40447129,BD4044,BD404471,Kazirber,
BD50108155,BD5010,BD501081,Kazla,
BD55496150,BD5549,BD554961,Kedar,
BD20840747,BD2084,BD208407,Kedarmara,
BD10060354,BD1006,BD100603,Kedarpur,
BD30866563,BD3086,BD308665,Kedarpur,
BD20156167,BD2015,BD201561,Kelishahar,
BD30545447,BD3054,BD305454,Kendua,
BD45393635,BD4539,BD453936,Kendua,
BD45724799,BD4572,BD457247,Kendua Paurashava,
BD20158254,BD2015,BD201582,Keochia,
BD10424057,BD1042,BD104240,Keora,
BD10042876,BD1004,BD100428,Keorabunia,
BD30485967,BD3048,BD304859,Keorjori,
BD40874363,BD4087,BD408743,Keragachhi,
BD40874371,BD4087,BD408743,Keralkata,
BD20192713,BD2019,BD201927,Keran Khal,
BD20515859,BD2051,BD205158,Keroa,
BD10783871,BD1078,BD107838,Keshabpur,
BD40413828,BD4041,BD404138,Keshabpur,
BD40413899,BD4041,BD404138,Keshabpur Paurashava,
BD50815399,BD5081,BD508153,Kesharhat Paurashava,
BD20758066,BD2075,BD207580,Kesharpar,
BD55731576,BD5573,BD557315,Ketkibari,
BD20137634,BD2013,BD201376,Khadergaon,
BD60916242,BD6091,BD609162,Khadim Para,
BD60916240,BD6091,BD609162,Khadimnagar,
BD40180771,BD4018,BD401807,Khadimpur,
BD30670263,BD3067,BD306702,Khagakanda,
BD20158258,BD2015,BD201582,Khagaria,
BD60361150,BD6036,BD603611,Khagaura,
BD45615267,BD4561,BD456152,Khagdahar,
BD20464963,BD2046,BD204649,Khagrachhari,
BD20464999,BD2046,BD204649,Khagrachhari Paurashava,
BD20155347,BD2015,BD201553,Khaiyachhara,
BD40870460,BD4087,BD408704,Khajra,
BD50645057,BD5064,BD506450,Khajur,
BD50696358,BD5069,BD506963,Khajuria,
BD55852752,BD5585,BD558527,Khaleya,
BD30548076,BD3054,BD305480,Khalia,
BD45723840,BD4572,BD457238,Khaliajuri,
BD40879031,BD4087,BD408790,Khalilnagar,
BD60587458,BD6058,BD605874,Khalilpur,
BD55731247,BD5573,BD557312,Khalisa Chapani,
BD40503947,BD4050,BD405039,Khalishakundi,
BD45728379,BD4572,BD457283,Khalishaur,
BD40879039,BD4087,BD408790,Khalishkhali,
BD30561085,BD3056,BD305610,Khalsi,
BD55276094,BD5527,BD552760,Khamar Para,
BD50108838,BD5010,BD501088,Khamarkandi,
BD50761963,BD5076,BD507619,Khan Marich,
BD30355855,BD3035,BD303558,Khandarpar,
BD30827645,BD3082,BD308276,Khanganj,
BD55948260,BD5594,BD559482,Khangaon,
BD10063255,BD1006,BD100632,Khanjapur,
BD20150856,BD2015,BD201508,Khankhanabad,
BD30827643,BD3082,BD308276,Khankhanapur,
BD40010877,BD4001,BD400108,Khanpur,
BD40416150,BD4041,BD404161,Khanpur,
BD50108847,BD5010,BD501088,Khanpur,
BD55271071,BD5527,BD552710,Khanpur,
BD10786623,BD1078,BD107866,Khaprabhanga,
BD20156170,BD2015,BD201561,Kharana,
BD45899055,BD4589,BD458990,Kharia Kazir Char,
BD50108538,BD5010,BD501085,Kharna,
BD45724047,BD4572,BD457240,Kharnai,
BD40473040,BD4047,BD404730,Kharnia,
BD45617247,BD4561,BD456172,Kharua,
BD60919438,BD6091,BD609194,Khas Kanakpur,
BD50882727,BD5088,BD508827,Khas Kaulia,
BD50882731,BD5088,BD508827,Khas Pukuria,
BD50885043,BD5088,BD508850,Khas Rajbari,
BD40652863,BD4065,BD406528,Khasial,
BD40180779,BD4018,BD401807,Khaskara,
BD55738554,BD5573,BD557385,Khata Madhupur,
BD30485954,BD3048,BD304859,Khatkhal,
BD55274781,BD5527,BD552747,Khatta Madhab Para,
BD50767269,BD5076,BD507672,Khatu Para,
BD55273876,BD5527,BD552738,Khayerbari,
BD30480283,BD3048,BD304802,Khayerpur Abdullahpur,
BD60912063,BD6091,BD609120,Khazanchigaon,
BD40416155,BD4041,BD404161,Kheda Para,
BD50642877,BD5064,BD506428,Khelna,
BD20126365,BD2012,BD201263,Kherera,
BD45616560,BD4561,BD456165,Kheruajani,
BD40879047,BD4087,BD408790,Khesra,
BD50386147,BD5038,BD503861,Khetlal,
BD30594463,BD3059,BD305944,Khidir Para,
BD30685274,BD3068,BD306852,Khidirpur,
BD20751028,BD2075,BD207510,Khil Para,
BD20197453,BD2019,BD201974,Khila,
BD20153355,BD2015,BD201533,Khiram,
BD30545453,BD3054,BD305454,Khoajpur,
BD55731257,BD5573,BD557312,Khoga Kharibari,
BD40506347,BD4050,BD405063,Khoksa,
BD40506399,BD4050,BD405063,Khoksa Paurashava,
BD50887843,BD5088,BD508878,Khoksabari,
BD55736444,BD5573,BD557364,Khokshabari,
BD60919457,BD6091,BD609194,Kholachhara,
BD55322458,BD5532,BD553224,Kholahati,
BD40017738,BD4001,BD400177,Khontakata,
BD55855865,BD5585,BD558558,Khoragachh,
BD50108543,BD5010,BD501085,Khotta Para,
BD50694160,BD5069,BD506941,Khubjipur,
BD50886751,BD5088,BD508867,Khukni,
BD40471797,BD4047,BD404717,Khulna Range,
BD55525543,BD5552,BD555255,Khuniagachh,
BD20226657,BD2022,BD202266,Khuniapalong,
BD20221667,BD2022,BD202216,Khuntakhali,
BD40016059,BD4001,BD400160,Khuolia,
BD55328269,BD5532,BD553282,Khurda Kamarpur,
BD20222459,BD2022,BD202224,Khurushkul,
BD55733665,BD5573,BD557336,Khutamara,
BD50109439,BD5010,BD501094,Kichak,
BD30484271,BD3048,BD304842,Kiratan,
BD10424066,BD1042,BD104240,Kirtipasha,
BD50646073,BD5064,BD506460,Kirtipur,
BD55734551,BD5573,BD557345,Kishoreganj,
BD30484999,BD3048,BD304849,Kishoreganj Paurashava,
BD55326747,BD5532,BD553267,Kishoregari,
BD50813159,BD5081,BD508131,Kismat Gankair,
BD55323044,BD5532,BD553230,Kochasahar,
BD55490857,BD5549,BD554908,Kodailkati,
BD20157030,BD2015,BD201570,Kodala,
BD40015676,BD4001,BD400156,Kodalia,
BD30296267,BD3029,BD302962,Kodalia Shohidnagar,
BD30863647,BD3086,BD308636,Kodalpur,
BD30934758,BD3093,BD309347,Kok Dahara,
BD30597454,BD3059,BD305974,Kola,
BD40443347,BD4044,BD404433,Kola,
BD50640663,BD5064,BD506406,Kola,
BD30598447,BD3059,BD305984,Kola Para,
BD20156173,BD2015,BD201561,Kolagaon,
BD55852763,BD5585,BD558527,Kolkanda,
BD30333060,BD3033,BD303330,Konabari,
BD20221669,BD2022,BD202216,Konakhali,
BD30263843,BD3026,BD302638,Konda,
BD30484951,BD3048,BD304849,Korsha Kariail,
BD40655239,BD4065,BD406552,Kotakul,
BD30355199,BD3035,BD303551,Kotalipara Paurashava,
BD40444299,BD4044,BD404442,Kotchandpur Paurashava,
BD40475355,BD4047,BD404753,Koyra,
BD20128545,BD2012,BD201285,Krishnanagar,
BD30294771,BD3029,BD302947,Krishnanagar,
BD40874747,BD4087,BD408747,Krishnanagar,
BD30298466,BD3029,BD302984,Krishnapur,
BD30564671,BD3056,BD305646,Krishnapur,
BD45723854,BD4572,BD457238,Krishnapur,
BD50647543,BD5064,BD506475,Krishnapur,
BD60913145,BD6091,BD609131,Kuchai,
BD30863651,BD3086,BD308636,Kuchaipatti,
BD40555767,BD4055,BD405557,Kuchiamora,
BD55527054,BD5552,BD555270,Kuchlibari,
BD20031431,BD2003,BD200314,Kuhalong,
BD10040987,BD1004,BD100409,Kukua,
BD30598454,BD3059,BD305984,Kukutia,
BD55525551,BD5552,BD555255,Kulaghat,
BD60902957,BD6090,BD609029,Kulanj,
BD60586565,BD6058,BD605865,Kulaura,
BD60586599,BD6058,BD605865,Kulaura Paurashava,
BD40015685,BD4001,BD400156,Kulia,
BD40872531,BD4087,BD408725,Kulia,
BD45396166,BD4539,BD453961,Kulia,
BD30485499,BD3048,BD304854,Kuliar Char Paurashava,
BD45392963,BD4539,BD453929,Kulkandi,
BD10427321,BD1042,BD104273,Kulkati,
BD30261453,BD3026,BD302614,Kulla,
BD40870469,BD4087,BD408704,Kulla,
BD45721886,BD4572,BD457218,Kullagora,
BD40416161,BD4041,BD404161,Kultia,
BD55328277,BD5532,BD553282,Kumar Para,
BD30594471,BD3059,BD305944,Kumarbhog,
BD45616569,BD4561,BD456165,Kumarghata,
BD40180787,BD4018,BD401807,Kumari,
BD40507199,BD4050,BD405071,Kumarkhali Paurashava,
BD55857654,BD5585,BD558576,Kumedpur,
BD20158647,BD2015,BD201586,Kumira,
BD40879055,BD4087,BD408790,Kumira,
BD40441947,BD4044,BD404419,Kumrabaria,
BD20129080,BD2012,BD201290,Kunda,
BD55736450,BD5573,BD557364,Kunda Pukur,
BD50100654,BD5010,BD501006,Kundagram,
BD30869451,BD3086,BD308694,Kunder Char,
BD30545459,BD3054,BD305454,Kunia,
BD55322465,BD5532,BD553224,Kuptala,
BD40183171,BD4018,BD401831,Kuralgachhi,
BD60911743,BD6091,BD609117,Kurar Bazar,
BD45899063,BD4589,BD458990,Kurikahania,
BD40509458,BD4050,BD405094,Kursha,
BD55854240,BD5585,BD558542,Kursha,
BD55859271,BD5585,BD558592,Kursha,
BD60367773,BD6036,BD603677,Kurshi,
BD10427331,BD1042,BD104273,Kusanghal,
BD55948269,BD5594,BD559482,Kusha Raniganj,
BD40874379,BD4087,BD408743,Kushadanga,
BD20514355,BD2051,BD205143,Kushakhali,
BD55276969,BD5527,BD552769,Kushdaha,
BD55738567,BD5573,BD557385,Kushiram Belpukur,
BD30355155,BD3035,BD303551,Kushla,
BD30359166,BD3035,BD303591,Kushli,
BD40874755,BD4087,BD408747,Kushlia,
BD45612059,BD4561,BD456120,Kushmail,
BD40444267,BD4044,BD404442,Kushna,
BD45615274,BD4561,BD456152,Kushtia,
BD40507999,BD4050,BD405079,Kushtia Paurashava,
BD30261821,BD3026,BD302618,Kushumhati,
BD30261459,BD3026,BD302614,Kushura,
BD40878274,BD4087,BD408782,Kuskhali,
BD50387473,BD5038,BD503874,Kusumba,
BD50644754,BD5064,BD506447,Kusumba,
BD50108857,BD5010,BD501088,Kusumbi,
BD20156176,BD2015,BD201561,Kusumpura,
BD10092157,BD1009,BD100921,Kutba,
BD20126369,BD2012,BD201263,Kuti,
BD20224962,BD2022,BD202249,Kutubjom,
BD20750766,BD2075,BD207507,Kutubpur,
BD30548758,BD3054,BD305487,Kutubpur,
BD30675879,BD3067,BD306758,Kutubpur,
BD40182347,BD4018,BD401823,Kutubpur,
BD40578757,BD4057,BD405787,Kutubpur,
BD50108163,BD5010,BD501081,Kutubpur,
BD55850363,BD5585,BD558503,Kutubpur,
BD20848754,BD2084,BD208487,Kutuk Chhari,
BD50761647,BD5076,BD507616,Kytola,
BD40878281,BD4087,BD408782,Labsa,
BD20514360,BD2051,BD205143,Laharkandi,
BD50102047,BD5010,BD501020,Lahiri Para,
BD40655247,BD4065,BD406552,Lahuria,
BD60366854,BD6036,BD603668,Lakhai,
BD30932877,BD3093,BD309328,Lakher Para,
BD40013442,BD4001,BD400134,Lakhpur,
BD20221672,BD2022,BD202216,Lakhyarchar,
BD20197252,BD2019,BD201972,Laksam,
BD20197299,BD2019,BD201972,Laksam Paurashava,
BD60913869,BD6091,BD609138,Lakshanaband,
BD20197459,BD2019,BD201974,Lakshmanpur,
BD40419060,BD4041,BD404190,Lakshmanpur,
BD45898874,BD4589,BD458988,Lakshmanpur,
BD60908939,BD6090,BD609089,Lakshmansree,
BD55736473,BD5573,BD557364,Lakshmi Chap,
BD60913860,BD6091,BD609138,Lakshmi Pasha,
BD20466171,BD2046,BD204661,Lakshmichhari,
BD45727447,BD4572,BD457274,Lakshmiganj,
BD50763931,BD5076,BD507639,Lakshmikundi,
BD40655255,BD4065,BD406552,Lakshmipasha,
BD20190982,BD2019,BD201909,Lakshmipur,
BD30544069,BD3054,BD305440,Lakshmipur,
BD50760563,BD5076,BD507605,Lakshmipur,
BD55322473,BD5532,BD553224,Lakshmipur,
BD60903361,BD6090,BD609033,Lakshmipur,
BD50696365,BD5069,BD506963,Lakshmipur Kholabaria,
BD20514399,BD2051,BD205143,Lakshmipur Paurashava,
BD45393641,BD4539,BD453936,Lakshmir Char,
BD55852773,BD5585,BD558527,Lakshmitari,
BD20123342,BD2012,BD201233,Lal Pur,
BD60913150,BD6091,BD609131,Lala Bazar,
BD20157032,BD2015,BD201570,Lalanagar,
BD10095457,BD1009,BD100954,Lalmohan,
BD50699163,BD5069,BD506991,Lalore,
BD50694485,BD5069,BD506944,Lalpur,
BD10786635,BD1078,BD107866,Lalua,
BD20035163,BD2003,BD200351,Lama,
BD60912073,BD6091,BD609120,Lama Kazi,
BD20035199,BD2003,BD200351,Lama Paurashava,
BD60360535,BD6036,BD603605,Lamatashi,
BD20516557,BD2051,BD205165,Lamchar,
BD20845867,BD2084,BD208458,Langadu,
BD45612237,BD4561,BD456122,Langair,
BD40476461,BD4047,BD404764,Laskar,
BD30296255,BD3029,BD302962,Laskardia,
BD60364424,BD6036,BD603644,Laskarpur,
BD10066279,BD1006,BD100662,Lata,
BD40476467,BD4047,BD404764,Lata,
BD10786647,BD1078,BD107866,Lata Chapli,
BD30597461,BD3059,BD305974,Latabdi,
BD30484960,BD3048,BD304849,Latibabad,
BD20467738,BD2046,BD204677,Latiban,
BD30353256,BD3035,BD303532,Latifpur,
BD30936667,BD3093,BD309366,Latifpur,
BD55855867,BD5585,BD558558,Latifpur,
BD40471721,BD4047,BD404717,Laudubi,
BD30932365,BD3093,BD309323,Lauhati,
BD10789561,BD1078,BD107895,Laukati,
BD20128547,BD2012,BD201285,Laur Fatehpur,
BD60911751,BD6091,BD609117,Lauta,
BD10785547,BD1078,BD107855,Lebukhali,
BD30685281,BD3068,BD306852,Lebutala,
BD40414777,BD4041,BD404147,Lebutala,
BD55948663,BD5594,BD559486,Lehemba,
BD20153357,BD2015,BD201533,Lelang,
BD20224567,BD2022,BD202245,Lemsikhali,
BD20302951,BD2030,BD203029,Lemua,
BD45724059,BD4572,BD457240,Lengura,
BD60914152,BD6091,BD609141,Lengura,
BD30562880,BD3056,BD305628,Lesraganj,
BD20467757,BD2046,BD204677,Logang,
BD20154762,BD2015,BD201547,Lohagara,
BD40655263,BD4065,BD406552,Lohagara,
BD40655299,BD4065,BD406552,Lohagara Paurashava,
BD30594494,BD3059,BD305944,Lohajang Teotia,
BD30484566,BD3048,BD304845,Lohajuri,
BD10789554,BD1078,BD107895,Lohalia,
BD55850369,BD5585,BD558503,Lohani Para,
BD45720435,BD4572,BD457204,Loneshwar,
BD10095466,BD1009,BD100954,Lord Hardinje,
BD60364428,BD6036,BD603644,Lukhra,
BD20197553,BD2019,BD201975,Luter Char,
BD10042885,BD1004,BD100428,M.Baliatali,
BD30827350,BD3082,BD308273,Machh Para,
BD20121359,BD2012,BD201213,Machhihata,
BD45725652,BD4572,BD457256,Madan,
BD45725699,BD4572,BD457256,Madan Paurashava,
BD55857656,BD5585,BD558576,Madankhali,
BD10092947,BD1009,BD100929,Madanpur,
BD30670663,BD3067,BD306706,Madanpur,
BD45727454,BD4572,BD457274,Madanpur,
BD10783877,BD1078,BD107838,Madanpura,
BD30824760,BD3082,BD308247,Madapur,
BD10789567,BD1078,BD107895,Madarbunia,
BD45395899,BD4539,BD453958,Madarganj Paurashava,
BD30545499,BD3054,BD305454,Madaripur Paurashava,
BD20158265,BD2015,BD201582,Madarsa,
BD55523965,BD5552,BD555239,Madati,
BD10060367,BD1006,BD100603,Madhab Pasha,
BD30686000,BD3068,BD306860,Madhabdi Paurashava,
BD10787654,BD1078,BD107876,Madhabkhali,
BD20191556,BD2019,BD201915,Madhabpur,
BD60585647,BD6058,BD605856,Madhabpur,
BD60367199,BD6036,BD603671,Madhabpur Paurashava,
BD50888931,BD5088,BD508889,Madhainagar,
BD50696373,BD5069,BD506963,Madhnagar,
BD40441952,BD4044,BD404419,Madhuhati,
BD30295652,BD3029,BD302956,Madhukhali,
BD40479440,BD4047,BD404794,Madhupur,
BD50109552,BD5010,BD501095,Madhupur,
BD55850375,BD5585,BD558503,Madhupur,
BD30935799,BD3093,BD309357,Madhupur Paurashava,
BD20192771,BD2019,BD201927,Madhya (mechachal Union),
BD60903257,BD6090,BD609032,Madhyanagar,
BD30333257,BD3033,BD303332,Madhyapara,
BD30597467,BD3059,BD305974,Madhyapara,
BD50108551,BD5010,BD501085,Madla,
BD10427342,BD1042,BD104273,Magar,
BD20848767,BD2084,BD208487,Magban,
BD20157865,BD2015,BD201578,Magdhara,
BD20155371,BD2015,BD201553,Maghadia,
BD45725663,BD4572,BD457256,Maghan,
BD45726342,BD4572,BD457263,Maghan Siadhar,
BD40555774,BD4055,BD405557,Maghi,
BD40013866,BD4001,BD400138,Maghia,
BD20225678,BD2022,BD202256,Magnama,
BD30939577,BD3093,BD309395,Magra,
BD45613163,BD4561,BD456131,Magtala,
BD40412353,BD4041,BD404123,Magura,
BD40879063,BD4087,BD408790,Magura,
BD55734560,BD5573,BD557345,Magura,
BD55777365,BD5577,BD557773,Magura,
BD50888942,BD5088,BD508889,Magura Binod,
BD40555799,BD4055,BD405557,Magura Paurashava,
BD40473054,BD4047,BD404730,Maguraghona,
BD40473047,BD4047,BD404730,Magurkhali,
BD45398552,BD4539,BD453985,Mahadan,
BD50645066,BD5064,BD506450,Mahadebpur,
BD40576076,BD4057,BD405760,Mahajanpur,
BD30595647,BD3059,BD305956,Mahakali,
BD20466531,BD2046,BD204665,Mahalchhari,
BD30939580,BD3093,BD309395,Mahamudnagar,
BD30355861,BD3035,BD303558,Maharajpur,
BD40475372,BD4047,BD404753,Maharajpur,
BD50706655,BD5070,BD507066,Maharajpur,
BD55525573,BD5552,BD555255,Mahendranagar,
BD30936671,BD3093,BD309366,Mahera,
BD20224999,BD2022,BD202249,Maheshkhali Paurashava,
BD30354340,BD3035,BD303543,Maheshpur,
BD30686447,BD3068,BD306864,Maheshpur,
BD40447199,BD4044,BD404471,Maheshpur Paurashava,
BD40475378,BD4047,BD404753,Maheshwaripur,
BD20192720,BD2019,BD201927,Mahichal,
BD10063263,BD1006,BD100632,Mahilara,
BD55323050,BD5532,BD553230,Mahimaganj,
BD30484969,BD3048,BD304849,Mahinanda,
BD30861460,BD3086,BD308614,Mahisar,
BD50104054,BD5010,BD501040,Mahishaban,
BD30686059,BD3068,BD306860,Mahishasura,
BD55520271,BD5552,BD555202,Mahishkhocha,
BD30261831,BD3026,BD302618,Mahmudpur,
BD30670271,BD3067,BD306702,Mahmudpur,
BD45396176,BD4539,BD453961,Mahmudpur,
BD55276977,BD5527,BD552769,Mahmudpur,
BD55772573,BD5577,BD557725,Maidan Dighi,
BD20844776,BD2084,BD208447,Maidang,
BD50109447,BD5010,BD501094,Maidanhata,
BD30480677,BD3048,BD304806,Maij Char,
BD30484977,BD3048,BD304849,Maij Khapan,
BD40657654,BD4065,BD406576,Maij Para Union,
BD45613154,BD4561,BD456131,Maijbagh,
BD50885051,BD5088,BD508850,Maijbari,
BD60913571,BD6091,BD609135,Maijgaon,
BD20192779,BD2019,BD201927,Maijkhara,
BD45612349,BD4561,BD456123,Mailakanda,
BD20191863,BD2019,BD201918,Mainamati,
BD50644761,BD5064,BD506447,Mainani,
BD20197463,BD2019,BD201974,Maisatua,
BD20132267,BD2013,BD201322,Maishadi,
BD20157870,BD2015,BD201578,Maitbhanga,
BD30294779,BD3029,BD302947,Majchar,
BD50691571,BD5069,BD506915,Majgaon,
BD50760579,BD5076,BD507605,Majh Para,
BD30299061,BD3029,BD302990,Majhardia,
BD30824755,BD3082,BD308247,Majhbari,
BD30353260,BD3035,BD303532,Majhigati,
BD50109455,BD5010,BD501094,Majhihatta,
BD50108556,BD5010,BD501085,Majhira,
BD10787667,BD1078,BD107876,Majidbari,
BD20199469,BD2019,BD201994,Majidpur,
BD40413838,BD4041,BD404138,Majidpur,
BD20121361,BD2012,BD201213,Majlishpur,
BD60361156,BD6036,BD603611,Makrampur,
BD50105457,BD5010,BD501054,Malancha,
BD50765569,BD5076,BD507655,Malanchi,
BD20191562,BD2019,BD201915,Malapara,
BD40443354,BD4044,BD404433,Maliat,
BD55322480,BD5532,BD553224,Malibari,
BD50765577,BD5076,BD507655,Maligachha,
BD40509465,BD4050,BD405094,Malihad,
BD45893750,BD4589,BD458937,Malijhikanda,
BD10797631,BD1079,BD107976,Malikhali,
BD30597474,BD3059,BD305974,Malkhanagar,
BD45611369,BD4561,BD456113,Mallikbari,
BD40017353,BD4001,BD400173,Malliker Ber,
BD40655271,BD4065,BD406552,Mallikpur,
BD30937658,BD3093,BD309376,Mamudnagar,
BD30354333,BD3035,BD303543,Mamudpur,
BD50386157,BD5038,BD503861,Mamudpur,
BD50708853,BD5070,BD507088,Manakosa,
BD30266882,BD3026,BD302668,Manda,
BD50644767,BD5064,BD506447,Manda,
BD20514370,BD2051,BD205143,Mandari,
BD60361163,BD6036,BD603611,Mandari,
BD40447135,BD4044,BD404471,Manderbari,
BD20309457,BD2030,BD203094,Mangalkandi,
BD40413847,BD4041,BD404138,Mangalkot,
BD55271776,BD5527,BD552717,Mangalpur,
BD20120276,BD2012,BD201202,Maniand,
BD50640363,BD5064,BD506403,Maniari,
BD50811063,BD5081,BD508110,Manigram,
BD20466763,BD2046,BD204667,Manikchhari,
BD30291071,BD3029,BD302910,Manikdaha,
BD20197571,BD2019,BD201975,Maniker Char,
BD30564699,BD3056,BD305646,Manikganj Paurashava,
BD50768338,BD5076,BD507683,Manikhat,
BD60919466,BD6091,BD609194,Manikpur,
BD40416167,BD4041,BD404161,Manirampur,
BD40416199,BD4041,BD404161,Manirampur Paurashava,
BD45616577,BD4561,BD456165,Mankon,
BD55277751,BD5527,BD552777,Manmathapur,
BD60903367,BD6090,BD609033,Mannargaon,
BD30685299,BD3068,BD306852,Manohardi Paurashava,
BD40507982,BD4050,BD405079,Manohardia,
BD40416172,BD4041,BD404161,Manoharpur,
BD40448037,BD4044,BD404480,Manoharpur,
BD55326766,BD5532,BD553267,Manoharpur,
BD10096547,BD1009,BD100965,Manpura,
BD50885056,BD5088,BD508850,Mansur Nagar,
BD60588031,BD6058,BD605880,Mansurnagar,
BD60587465,BD6058,BD605874,Manumukh,
BD45612358,BD4561,BD456123,Maoha,
BD30338647,BD3033,BD303386,Maona,
BD55852784,BD5585,BD558527,Marania,
BD55772580,BD5577,BD557725,Marea Bamanhat,
BD30484986,BD3048,BD304849,Maria,
BD50811275,BD5081,BD508112,Maria,
BD50813171,BD5081,BD508131,Maria,
BD20157034,BD2015,BD201570,Mariamnagar,
BD40503954,BD4050,BD405039,Maricha,
BD55271217,BD5527,BD552712,Maricha,
BD10789574,BD1078,BD107895,Marichbunia,
BD45897072,BD4589,BD458970,Marichpura,
BD20840759,BD2084,BD208407,Marishya,
BD30686450,BD3068,BD306864,Marjal,
BD20193664,BD2019,BD201936,Maruka,
BD20466547,BD2046,BD204665,Maschhari,
BD45612244,BD4561,BD456122,Mashakhali,
BD45724761,BD4572,BD457247,Mashka,
BD50647947,BD5064,BD506479,Masidpur,
BD30687673,BD3068,BD306876,Masimpur,
BD30484576,BD3048,BD304845,Masua,
BD50761652,BD5076,BD507616,Masundia,
BD40416178,BD4041,BD404161,Maswimnagar,
BD20302960,BD2030,BD203029,Matabi,
BD20224971,BD2022,BD202249,Matarbari,
BD30548763,BD3054,BD305487,Matbarer Char,
BD20195476,BD2019,BD201954,Mathabanga,
BD10428440,BD1042,BD104284,Mathbari,
BD45619461,BD4561,BD456194,Mathbari,
BD10795860,BD1079,BD107958,Mathbaria,
BD60911760,BD6091,BD609117,Mathiura,
BD20302556,BD2030,BD203025,Mathu Bhuiyan,
BD40503961,BD4050,BD405039,Mathurapur,
BD50102785,BD5010,BD501027,Mathurapur,
BD50640673,BD5064,BD506406,Mathurapur,
BD40874763,BD4087,BD408747,Mathureshpur,
BD10797642,BD1079,BD107976,Matibhanga,
BD20309466,BD2030,BD203094,Matiganj,
BD50813457,BD5081,BD508134,Matikata,
BD50647551,BD5064,BD506475,Matindhar,
BD20467059,BD2046,BD204670,Matiranga,
BD20467099,BD2046,BD204670,Matiranga Paurashava,
BD20137699,BD2013,BD201376,Matlab Paurashava,
BD40574763,BD4057,BD405747,Matmura,
BD50385866,BD5038,BD503858,Matrai,
BD30261280,BD3026,BD302612,Matuail (part),
BD30262980,BD3026,BD302629,Matuail (part),
BD30263280,BD3026,BD302632,Matuail (part),
BD50815367,BD5081,BD508153,Maugachhi,
BD45727463,BD4572,BD457274,Maugati,
BD40652871,BD4065,BD406528,Mauli,
BD60587499,BD6058,BD605874,Maulvibazar Paurashava,
BD30827365,BD3082,BD308273,Maurat,
BD40874771,BD4087,BD408747,Mautala,
BD20155353,BD2015,BD201553,Mayani,
BD20845881,BD2084,BD208458,Mayanimukh,
BD55855883,BD5585,BD558558,Mayenpur,
BD40507975,BD4050,BD405079,Mazampur,
BD50887851,BD5088,BD508878,Mechhra,
BD30594487,BD3059,BD305944,Medini Mandal,
BD45727455,BD4572,BD457274,Medni,
BD10092957,BD1009,BD100929,Medua,
BD45611377,BD4561,BD456113,Meduary,
BD30295663,BD3029,BD302956,Megchami,
BD20126382,BD2012,BD201263,Mehari,
BD10066287,BD1006,BD100662,Mehendiganj,
BD30686065,BD3068,BD306860,Meher Para,
BD40578799,BD4057,BD405787,Meherpur Paurashava,
BD20153765,BD2015,BD201537,Mekhal,
BD45396199,BD4539,BD453961,Melandaha Paurashava,
BD10063694,BD1006,BD100636,Memania,
BD45723867,BD4572,BD457238,Mendipur,
BD20464379,BD2046,BD204643,Merung,
BD45390759,BD4539,BD453907,Merur Char,
BD45393647,BD4539,BD453936,Meshta,
BD55855872,BD5585,BD558558,Milanpur,
BD20750770,BD2075,BD207507,Mir Warishpur,
BD60362647,BD6036,BD603626,Mirahi,
BD50648563,BD5064,BD506485,Mirat,
BD55733680,BD5573,BD557336,Mirganj,
BD30595600,BD3059,BD305956,Mirkadim Paurashava,
BD60360547,BD6036,BD603605,Mirpur,
BD60904747,BD6090,BD609047,Mirpur,
BD40509499,BD4050,BD405094,Mirpur Paurashava,
BD20155359,BD2015,BD201553,Mirsharai,
BD20155399,BD2015,BD201553,Mirsharai Paurashava,
BD10795869,BD1079,BD107958,Mirukhali,
BD30935778,BD3093,BD309357,Mirzabari,
BD10787681,BD1078,BD107876,Mirzaganj,
BD20305147,BD2030,BD203051,Mirzanagar,
BD30686454,BD3068,BD306864,Mirzanagar,
BD20153771,BD2015,BD201537,Mirzapur,
BD30333067,BD3033,BD303330,Mirzapur,
BD30686457,BD3068,BD306864,Mirzapur,
BD30933880,BD3093,BD309338,Mirzapur,
BD40448063,BD4044,BD404480,Mirzapur,
BD50108866,BD5010,BD501088,Mirzapur,
BD55770454,BD5577,BD557704,Mirzapur,
BD55855878,BD5585,BD558558,Mirzapur,
BD60588347,BD6058,BD605883,Mirzapur,
BD30936699,BD3093,BD309366,Mirzapur Paurashava,
BD30686461,BD3068,BD306864,Mirzar Char,
BD10786659,BD1078,BD107866,Mithaganj,
BD40015859,BD4001,BD400158,Mithakhali,
BD30485981,BD3048,BD304859,Mithamain,
BD20155365,BD2015,BD201553,Mithanala,
BD50640684,BD5064,BD506406,Mithapur,
BD55857658,BD5585,BD558576,Mithapur,
BD30827651,BD3082,BD308276,Mizanpur,
BD45617255,BD4561,BD456172,Moazzempur,
BD50708847,BD5070,BD507088,Mobarakpur,
BD30355867,BD3035,BD303558,Mochna,
BD55495276,BD5549,BD554952,Mogalbachha,
BD60916255,BD6091,BD609162,Mogalgaon,
BD55525565,BD5552,BD555255,Mogalhat,
BD60913160,BD6091,BD609131,Mogla Bazar,
BD20120285,BD2012,BD201202,Mogra,
BD30567823,BD3056,BD305678,Mohadebpur,
BD55326757,BD5532,BD553267,Mohadipur,
BD50387484,BD5038,BD503874,Mohamadpur,
BD20301457,BD2030,BD203014,Mohamaya,
BD50384776,BD5038,BD503847,Mohammadabad,
BD20751038,BD2075,BD207510,Mohammadpur,
BD20758076,BD2075,BD207580,Mohammadpur,
BD20758543,BD2075,BD207585,Mohammadpur,
BD30866962,BD3086,BD308669,Mohammadpur,
BD40556652,BD4055,BD405566,Mohammadpur,
BD55271225,BD5527,BD552712,Mohammadpur,
BD55949458,BD5594,BD559494,Mohammadpur,
BD20193673,BD2019,BD201936,Mohammadpur Paschim,
BD20193684,BD2019,BD201936,Mohammadpur Purba,
BD20194017,BD2019,BD201940,Mohan Pur,
BD55490876,BD5549,BD554908,Mohanganj,
BD45726399,BD4572,BD457263,Mohanganj Paurashava,
BD20137938,BD2013,BD201379,Mohanpur,
BD50813466,BD5081,BD508134,Mohanpur,
BD50889443,BD5088,BD508894,Mohanpur,
BD55271234,BD5527,BD552712,Mohanpur,
BD60908950,BD6090,BD609089,Mohanpur,
BD40441958,BD4044,BD404419,Moharajpur,
BD20191869,BD2019,BD201918,Mokam,
BD10044771,BD1004,BD100447,Mokamia,
BD50109463,BD5010,BD501094,Mokamtala,
BD20198769,BD2019,BD201987,Mokara,
BD40501581,BD4050,BD405015,Mokarimpur,
BD30937665,BD3093,BD309376,Mokhna,
BD20198773,BD2019,BD201987,Mokrabpur,
BD45619463,BD4561,BD456194,Mokshapur,
BD30333494,BD3033,BD303334,Moktarpur,
BD60908955,BD6090,BD609089,Mollah Para,
BD10427336,BD1042,BD104273,Mollahat,
BD30595657,BD3059,BD305956,Mollahkandi,
BD60911714,BD6091,BD609117,Mollahpur,
BD55322485,BD5532,BD553224,Mollar Char,
BD60913165,BD6091,BD609131,Mollargaon,
BD40182359,BD4018,BD401823,Mominpur,
BD55277760,BD5527,BD552777,Mominpur,
BD55854931,BD5585,BD558549,Mominpur,
BD40576085,BD4057,BD405760,Monakhali,
BD40015899,BD4001,BD400158,Mongla Port Paurashava,
BD40016065,BD4001,BD400160,Morrelganj,
BD40016099,BD4001,BD400160,Morrelganj Paurashava,
BD50694167,BD5069,BD506941,Moshinda,
BD55277769,BD5527,BD552777,Mostafapur,
BD60587480,BD6058,BD605874,Mostafapur,
BD50762270,BD5076,BD507622,Mothurapur,
BD30333266,BD3033,BD303332,Mouchak,
BD30291860,BD3029,BD302918,Moyna,
BD30483386,BD3048,BD304833,Mriga,
BD30824770,BD3082,BD308247,Mrigi,
BD20466563,BD2046,BD204665,Mubachhari,
BD20197263,BD2019,BD201972,Mudafarganj,
BD30670451,BD3067,BD306704,Mugra Para,
BD10092573,BD1009,BD100925,Mujib Nagar,
BD30261842,BD3026,BD302618,Muksudpur,
BD30355899,BD3035,BD303558,Muksudpur Paurashava,
BD45616599,BD4561,BD456165,Muktagachha Paurashava,
BD55328895,BD5532,BD553288,Muktanagar,
BD30866569,BD3086,BD308665,Muktarer Char,
BD55271023,BD5527,BD552710,Mukundapur,
BD55275631,BD5527,BD552756,Mukundapur,
BD10066959,BD1006,BD100669,Muladi,
BD50763942,BD5076,BD507639,Muladuli,
BD30827658,BD3082,BD308276,Mulghar,
BD40013452,BD4001,BD400134,Mulghar,
BD20126394,BD2012,BD201263,Mulgram,
BD50762277,BD5076,BD507622,Mulgram,
BD40657661,BD4065,BD406576,Mulia,
BD30869458,BD3086,BD308694,Mulna,
BD30484585,BD3048,BD304845,Mumurdia,
BD50819400,BD5081,BD508194,Mundumala Paurashava,
BD50761919,BD5076,BD507619,Munotosh,
BD60585657,BD6058,BD605856,Munshi Bazar,
BD60588042,BD6058,BD605880,Munshi Bazar,
BD40878663,BD4087,BD408786,Munshiganj,
BD30595699,BD3059,BD305956,Munshiganj Paurashava,
BD20193171,BD2019,BD201931,Munshirhat,
BD20304181,BD2030,BD203041,Munshirhat,
BD30676863,BD3067,BD306768,Mura Para,
BD10785581,BD1078,BD107855,Muradia,
BD20198154,BD2019,BD201981,Muradnagar,
BD20158657,BD2015,BD201586,Muradpur,
BD60361169,BD6036,BD603611,Muradpur,
BD60366867,BD6036,BD603668,Murakari,
BD60911777,BD6091,BD609117,Muria,
BD60366881,BD6036,BD603668,Muriauk,
BD20157875,BD2015,BD201578,Musapur,
BD20752159,BD2075,BD207521,Musapur,
BD30670679,BD3067,BD306706,Musapur,
BD30686464,BD3068,BD306864,Musapur,
BD55272154,BD5527,BD552721,Mushidhat,
BD30545471,BD3054,BD305454,Mustafapur,
BD30932580,BD3093,BD309325,Musuddi,
BD45617263,BD4561,BD456172,Musuli,
BD45724767,BD4572,BD457247,Muzaffarpur,
BD45615299,BD4561,BD456152,Mymensingh Paurashava,
BD10424076,BD1042,BD104240,Nabagram,
BD30544075,BD3054,BD305440,Nabagram,
BD30564687,BD3056,BD305646,Nabagram,
BD40412359,BD4041,BD404123,Nabharan,
BD60367780,BD6036,BD603677,Nabiganj,
BD60367799,BD6036,BD603677,Nabiganj Paurashava,
BD20128599,BD2012,BD201285,Nabinagar Paurashava,
BD20758085,BD2075,BD207580,Nabipur,
BD10427352,BD1042,BD104273,Nachan Mohal,
BD10048559,BD1004,BD100485,Nachna Para,
BD50705657,BD5070,BD507056,Nachole,
BD50705699,BD5070,BD507056,Nachole Paurashava,
BD20758373,BD2075,BD207583,Nadana,
BD55272167,BD5527,BD552721,Nafanagar,
BD45723881,BD4572,BD457238,Nagar,
BD50691583,BD5069,BD506915,Nagar,
BD40879071,BD4087,BD408790,Nagarghata,
BD30333496,BD3033,BD303334,Nagari,
BD30296299,BD3029,BD302962,Nagarkanda Paurashava,
BD30937673,BD3093,BD309376,Nagarpur,
BD30934765,BD3093,BD309347,Nagbari,
BD30933894,BD3093,BD309338,Nagda Simla,
BD40180794,BD4018,BD401807,Nagdaha,
BD50767277,BD5076,BD507672,Nagdemra,
BD30863659,BD3086,BD308636,Nager Para,
BD40556663,BD4055,BD405566,Nahata,
BD40477554,BD4047,BD404775,Naihati,
BD20037376,BD2003,BD200373,Naikhongchhari,
BD55323055,BD5532,BD553230,Nakai,
BD45896757,BD4589,BD458967,Nakla,
BD45896799,BD4589,BD458967,Nakla Paurashava,
BD40559552,BD4055,BD405595,Nakol,
BD10063271,BD1006,BD100632,Nalchira,
BD20753666,BD2075,BD207536,Nalchira,
BD40441963,BD4044,BD404419,Naldanga,
BD55328286,BD5532,BD553282,Naldanga,
BD50696300,BD5069,BD506963,Naldanga Paurashava,
BD40013463,BD4001,BD400134,Naldha Maubhog,
BD40655279,BD4065,BD406552,Naldi,
BD30562259,BD3056,BD305622,Nali,
BD40475397,BD4047,BD404753,Nalian Range,
BD45897051,BD4589,BD458970,Nalitabari,
BD45897099,BD4589,BD458970,Nalitabari Paurashava,
BD50886166,BD5088,BD508861,Nalka,
BD45893760,BD4589,BD458937,Nalkura,
BD30863671,BD3086,BD308636,Nalmuri,
BD40874779,BD4087,BD408747,Nalta,
BD10042895,BD1004,BD100428,Naltona,
BD10060774,BD1006,BD100607,Nalua,
BD20158269,BD2015,BD201582,Nalua,
BD50102060,BD5010,BD501020,Namuja,
BD45617271,BD4561,BD456172,Nandail,
BD45617299,BD4561,BD456172,Nandail Paurashava,
BD40507169,BD4050,BD405071,Nandalalpur,
BD50767286,BD5076,BD507672,Nandanpur,
BD50106773,BD5010,BD501067,Nandigram,
BD50106799,BD5010,BD501067,Nandigram Paurashava,
BD60914163,BD6091,BD609141,Nandirgaon,
BD20198777,BD2019,BD201987,Nangalkot,
BD20198799,BD2019,BD201987,Nangalkot Paurashava,
BD20153777,BD2015,BD201537,Nangalmora,
BD40874323,BD4087,BD408743,Nangalthara,
BD45396185,BD4539,BD453961,Nangla,
BD20847557,BD2084,BD208475,Naniarchar,
BD30355872,BD3035,BD303558,Nanikshir,
BD30261465,BD3026,BD302614,Nannar,
BD20153361,BD2015,BD201533,Nanupur,
BD55491867,BD5549,BD554918,Naodanga,
BD30869465,BD3086,BD308694,Naodoba,
BD45612077,BD4561,BD456120,Naogaon,
BD50888952,BD5088,BD508889,Naogaon,
BD50646099,BD5064,BD506460,Naogaon Paurashava,
BD55731266,BD5573,BD557312,Naotara,
BD50105476,BD5010,BD501054,Narahatta,
BD45612481,BD4561,BD456124,Narail,
BD40657699,BD4065,BD406576,Narail Paurashava,
BD30487966,BD3048,BD304879,Narandi,
BD30934773,BD3093,BD309347,Narandia,
BD45728387,BD4572,BD457283,Narandia,
BD20199477,BD2019,BD201994,Narayandia,
BD30675899,BD3067,BD306758,Narayanganj Paurashava,
BD20153366,BD2015,BD201533,Narayanhat,
BD20137643,BD2013,BD201376,Narayanpur,
BD30680759,BD3068,BD306807,Narayanpur,
BD30861469,BD3086,BD308614,Narayanpur,
BD40411151,BD4041,BD404111,Narayanpur,
BD50706667,BD5070,BD507066,Narayanpur,
BD55496163,BD5549,BD554961,Narayanpur,
BD50108175,BD5010,BD501081,Narchi,
BD50811282,BD5081,BD508112,Nardas,
BD40414783,BD4041,BD404147,Narendrapur,
BD55949463,BD5594,BD559494,Nargun,
BD30866599,BD3086,BD308665,Naria Paurashava,
BD30298476,BD3029,BD302984,Narikelbaria,
BD40410976,BD4041,BD404109,Narikelbaria,
BD30261852,BD3026,BD302618,Narisha,
BD50886758,BD5088,BD508867,Narnia,
BD20750749,BD2075,BD207507,Narottampur,
BD20754770,BD2075,BD207547,Narottampur,
BD60903392,BD6090,BD609033,Narsing Pur,
BD30686099,BD3068,BD306860,Narsingdi Paurashava,
BD30820785,BD3082,BD308207,Narua,
BD50104061,BD5010,BD501040,Naruamala,
BD45393653,BD4539,BD453936,Narundi,
BD30866582,BD3086,BD308665,Nasasan,
BD50104067,BD5010,BD501040,Nasipur,
BD30263685,BD3026,BD302636,Nasirabad,
BD30291079,BD3029,BD302910,Nasirabad,
BD20129087,BD2012,BD201290,Nasirnagar,
BD50100667,BD5010,BD501006,Nasratpur,
BD55273063,BD5527,BD552730,Nasratpur,
BD20758377,BD2075,BD207583,Nateshwar,
BD20128558,BD2012,BD201285,Natghar,
BD20197470,BD2019,BD201974,Nather Petua,
BD10424063,BD1042,BD104240,Nathullabad,
BD40447153,BD4044,BD404471,Natima,
BD40183183,BD4018,BD401831,Natipota,
BD50696399,BD5069,BD506963,Natore Paurashava,
BD50885060,BD5088,BD508850,Natuar Para,
BD20309476,BD2030,BD203094,Nawabpur,
BD30820795,BD3082,BD308207,Nawabpur,
BD50708859,BD5070,BD507088,Naya Naobhanga,
BD30261863,BD3026,BD302618,Nayabari,
BD45897055,BD4589,BD458970,Nayabil,
BD20751047,BD2075,BD207510,Nayakhola,
BD45396195,BD4539,BD453961,Nayanagar,
BD30266281,BD3026,BD302662,Nayansree,
BD45725673,BD4572,BD457256,Nayekpur,
BD55490947,BD5549,BD554909,Nayerhat,
BD30686077,BD3068,BD306860,Nazarpur,
BD55497752,BD5549,BD554977,Nazimkhan,
BD50647560,BD5064,BD506475,Nazipur,
BD60587487,BD6058,BD605874,Nazirabad,
BD50768347,BD5076,BD507683,Nazirganj,
BD10066971,BD1006,BD100669,Nazirpur,
BD10783889,BD1078,BD107838,Nazirpur,
BD10797652,BD1079,BD107976,Nazirpur,
BD45724071,BD4572,BD457240,Nazirpur,
BD50694181,BD5069,BD506941,Nazirpur,
BD40416183,BD4041,BD404161,Nehalpur,
BD55948679,BD5594,BD559486,Nekmarad,
BD40447159,BD4044,BD404471,Nepa,
BD50104074,BD5010,BD501040,Nepaltali,
BD10798795,BD1079,BD107987,Nesarabad (Swarupkati),
BD45727499,BD4572,BD457274,Netrokona Paurashava,
BD55496169,BD5549,BD554961,Newashi,
BD20229031,BD2022,BD202290,Nhilla,
BD10060781,BD1006,BD100607,Niamati,
BD30484277,BD3048,BD304842,Niamatpur,
BD40443361,BD4044,BD404433,Niamatpur,
BD50646952,BD5064,BD506469,Niamatpur,
BD20758775,BD2075,BD207587,Niazpur,
BD40412365,BD4041,BD404123,Nibaskhola,
BD45612250,BD4561,BD456122,Nigair,
BD60581463,BD6058,BD605814,Nij Bahadurpur,
BD30354347,BD3035,BD303543,Nijamkandi,
BD55271243,BD5527,BD552712,Nijpara,
BD60915363,BD6091,BD609153,Nijpat,
BD20753669,BD2075,BD207536,Nijum Dip,
BD30487676,BD3048,BD304876,Nikli,
BD30931981,BD3093,BD309319,Nikrail,
BD20195485,BD2019,BD201954,Nilakhi,
BD30548768,BD3054,BD305487,Nilakhi,
BD30686471,BD3068,BD306864,Nilakhya,
BD45390771,BD4539,BD453907,Nilakshmia,
BD10786671,BD1078,BD107866,Nilganj,
BD10092576,BD1009,BD100925,Nilkamal,
BD20134771,BD2013,BD201347,Nilkamal,
BD50762286,BD5076,BD507622,Nimaichara,
BD50102795,BD5010,BD501027,Nimgachhi,
BD50812571,BD5081,BD508125,Nimpara,
BD50647569,BD5064,BD506475,Nirmail,
BD10040991,BD1004,BD100409,Nishanbaria,
BD40016071,BD4001,BD400160,Nishanbaria,
BD50885069,BD5088,BD508850,Nishchintapur,
BD50102064,BD5010,BD501020,Nishindara,
BD55734569,BD5573,BD557345,Nitai,
BD50647955,BD5064,BD506479,Nithpur,
BD40448069,BD4044,BD404480,Nityanandapur,
BD40419069,BD4041,BD404190,Nizampur,
BD50705676,BD5070,BD507056,Nizampur,
BD60364438,BD6036,BD603644,Nizampur,
BD30353264,BD3035,BD303532,Nizra,
BD20157463,BD2015,BD201574,Noa Para,
BD30484286,BD3048,BD304842,Noabad,
BD20129438,BD2012,BD201294,Noagaon,
BD20516566,BD2051,BD205165,Noagaon,
BD30670460,BD3067,BD306704,Noagaon,
BD40655287,BD4065,BD406552,Noagram,
BD50817299,BD5081,BD508172,Noahata Paurashava,
BD20157456,BD2015,BD201574,Noajispur,
BD20758780,BD2075,BD207587,Noakhali,
BD20758799,BD2075,BD207587,Noakhali Paurashava,
BD10783883,BD1078,BD107838,Noamala,
BD20758785,BD2075,BD207587,Noannai,
BD30295673,BD3029,BD302956,Noapara,
BD30866588,BD3086,BD308665,Noapara,
BD40414789,BD4041,BD404147,Noapara,
BD40872547,BD4087,BD408725,Noapara,
BD45724774,BD4572,BD457247,Noapara,
BD50813183,BD5081,BD508131,Noapara,
BD60367186,BD6036,BD603671,Noapara,
BD40410499,BD4041,BD404104,Noapara Paurashava,
BD60902376,BD6090,BD609023,Noarai,
BD45392971,BD4539,BD453929,Noarpara,
BD55852777,BD5585,BD558527,Nohali,
BD55948671,BD5594,BD559486,Nonduar,
BD50102069,BD5010,BD501020,Noongola,
BD55496175,BD5549,BD554961,Noonkhawa,
BD20515823,BD2051,BD205158,North Char Ababil,
BD20515835,BD2051,BD205158,North Char Bangshi,
BD20038938,BD2003,BD200389,Nowa Patang,
BD55523357,BD5552,BD555233,Nowdabash,
BD50647599,BD5064,BD506475,Nozipur Paurashava,
BD10791471,BD1079,BD107914,Nudmulla,
BD45897069,BD4589,BD458970,Nunni,
BD10092585,BD1009,BD100925,Nurabad,
BD30686053,BD3068,BD306860,Nuralla Pur U/C,
BD40878671,BD4087,BD408786,Nurnagar,
BD60364447,BD6036,BD603644,Nurpur,
BD50644774,BD5064,BD506447,Nurullabad,
BD30291087,BD3029,BD302910,Nurullaganj,
BD50761663,BD5076,BD507616,Nutan Bharenga,
BD50642884,BD5064,BD506428,Omar,
BD55497784,BD5549,BD554977,Omar Majid,
BD50882737,BD5088,BD508827,Omarpur,
BD60910851,BD6091,BD609108,Omarpur,
BD30354354,BD3035,BD303543,Orakandi,
BD10092595,BD1009,BD100925,Osmanganj,
BD20155377,BD2015,BD201553,Osmanpur,
BD30485459,BD3048,BD304854,Osmanpur,
BD40506357,BD4050,BD405063,Osmanpur,
BD60910855,BD6091,BD609108,Osmanpur,
BD10069463,BD1006,BD100694,Otra,
BD50765599,BD5076,BD507655,Pabna Paurashava,
BD55326776,BD5532,BD553267,Pabnapur,
BD50819470,BD5081,BD508194,Pachandar,
BD20134960,BD2013,BD201349,Pachim Hatila,
BD40878679,BD4087,BD408786,Padma Pukur,
BD40182362,BD4018,BD401823,Padmabila,
BD40441968,BD4044,BD404419,Padmakar,
BD10060788,BD1006,BD100607,Padri Shibpur,
BD20154773,BD2015,BD201547,Padua,
BD20157043,BD2015,BD201570,Padua,
BD20193685,BD2019,BD201936,Padua,
BD55328876,BD5532,BD553288,Padumsahar,
BD40441973,BD4044,BD404419,Paglakanai,
BD50640652,BD5064,BD506406,Pahar Pur,
BD40652879,BD4065,BD406528,Pahardanga,
BD20120430,BD2012,BD201204,Pahariakandi,
BD20120766,BD2012,BD201207,Paharpur,
BD20198167,BD2019,BD201981,Paharpur,
BD20157469,BD2015,BD201574,Pahartali,
BD30548085,BD3054,BD305480,Paik Para,
BD60362657,BD6036,BD603626,Paik Para,
BD50105485,BD5010,BD501054,Paikar,
BD30686083,BD3068,BD306860,Paikar Char,
BD30934780,BD3093,BD309347,Paikara,
BD55490666,BD5549,BD554906,Paiker Chhara,
BD40476499,BD4047,BD404764,Paikgachha Paurashava,
BD30353269,BD3035,BD303532,Paikkandi,
BD45724781,BD4572,BD457247,Paikura,
BD60903266,BD6090,BD609032,Paikurati,
BD30562271,BD3056,BD305622,Paila,
BD60361175,BD6036,BD603611,Pailarkandi,
BD60904757,BD6090,BD609047,Pailgaon,
BD20153371,BD2015,BD201533,Paindanga,
BD20039138,BD2003,BD200391,Paindu,
BD55855889,BD5585,BD558558,Pairaband,
BD30932585,BD3093,BD309325,Paiska,
BD45612256,BD4561,BD456122,Paithal,
BD40507988,BD4050,BD405079,Paitkabari,
BD20129447,BD2012,BD201294,Pak Shimul,
BD50813476,BD5081,BD508134,Pakri,
BD50763952,BD5076,BD507639,Pakshi,
BD10092166,BD1009,BD100921,Pakshia,
BD50109581,BD5010,BD501095,Pakulla,
BD30487976,BD3048,BD304879,Pakundia,
BD30487999,BD3048,BD304879,Pakundia Paurashava,
BD45898881,BD4589,BD458988,Pakuria,
BD50811079,BD5081,BD508110,Pakuria,
BD30937680,BD3093,BD309376,Pakutia,
BD60901877,BD6090,BD609018,Palash,
BD55271251,BD5527,BD552712,Palashbari,
BD55277777,BD5527,BD552777,Palashbari,
BD55326785,BD5532,BD553267,Palashbari,
BD55736469,BD5573,BD557364,Palashbari,
BD40556673,BD4055,BD405566,Palashbaria,
BD55520277,BD5552,BD555202,Palashi,
BD30686474,BD3068,BD306864,Palashtali,
BD45392979,BD4539,BD453929,Palbandha,
BD30869473,BD3086,BD308694,Paler Char,
BD55271083,BD5527,BD552710,Pali Prayagpur,
BD30866966,BD3086,BD308669,Palong,
BD20229479,BD2022,BD202294,Palong Khali,
BD55274357,BD5527,BD552743,Palsa,
BD40441442,BD4044,BD404414,Palsi,
BD55271260,BD5527,BD552712,Paltapur,
BD55773457,BD5577,BD557734,Pamuli,
BD30548773,BD3054,BD305487,Panch Char,
BD55736463,BD5573,BD557364,Panch Pukur,
BD10040994,BD1004,BD100409,Pancha Koralia,
BD50889451,BD5088,BD508894,Pancha Krushi,
BD55777371,BD5577,BD557773,Panchagarh,
BD55525583,BD5552,BD555255,Panchagram,
BD40016077,BD4001,BD400160,Panchakaran,
BD30595676,BD3059,BD305956,Panchasar,
BD45612263,BD4561,BD456122,Panchbhag,
BD50387499,BD5038,BD503874,Panchbibi Paurashava,
BD30686089,BD3068,BD306860,Panchdona,
BD55857663,BD5585,BD558576,Panchgachha,
BD20302964,BD2030,BD203029,Panchgachhiya,
BD20751057,BD2075,BD207510,Panchgaon,
BD30599487,BD3059,BD305994,Panchgaon,
BD60588052,BD6058,BD605880,Panchgaon,
BD20467776,BD2046,BD204677,Panchhari,
BD30545477,BD3054,BD305454,Panchkhola,
BD55772587,BD5577,BD557725,Panchpir,
BD20196790,BD2019,BD201967,Panchthubi,
BD50640373,BD5064,BD506403,Panchupur,
BD30290352,BD3029,BD302903,Panchuria,
BD30827665,BD3082,BD308276,Panchuria,
BD60903378,BD6090,BD609033,Pandergaon,
BD55499472,BD5549,BD554994,Pandul,
BD55731585,BD5573,BD557315,Panga Matukpur,
BD50886176,BD5088,BD508861,Pangashi,
BD10785588,BD1078,BD107855,Pangashia,
BD30827399,BD3082,BD308273,Pangsha Paurashava,
BD40412371,BD4041,BD404123,Panisara,
BD60367787,BD6036,BD603677,Paniunda,
BD40413857,BD4041,BD404138,Panjia,
BD50690957,BD5069,BD506909,Panka,
BD50708865,BD5070,BD507088,Panka,
BD40471769,BD4047,BD404717,Pankhali,
BD10785778,BD1078,BD107857,Panpatty,
BD40447165,BD4044,BD404471,Pantha Para,
BD40507177,BD4050,BD405071,Panti,
BD45391587,BD4539,BD453915,Par Ramrampur,
BD20150485,BD2015,BD201504,Paraikora,
BD50646963,BD5064,BD506469,Parail,
BD50648573,BD5064,BD506485,Parail,
BD30291875,BD3029,BD302918,Parameshwardi,
BD45615288,BD4561,BD456152,Paranganj,
BD50644781,BD5064,BD506447,Paranpur,
BD30686478,BD3068,BD306864,Paratali,
BD20514380,BD2051,BD205143,Parbatinagar,
BD50703763,BD5070,BD507037,Parbatipur,
BD50761979,BD5076,BD507619,Parbhanguria,
BD10799043,BD1079,BD107990,Parerhat,
BD55940884,BD5594,BD559408,Paria,
BD50817287,BD5081,BD508172,Parila,
BD30934783,BD3093,BD309347,Parki,
BD20751066,BD2075,BD207510,Parkote,
BD50762294,BD5076,BD507622,Parshadanga,
BD20305199,BD2030,BD203051,Parshuram Paurashava,
BD20157051,BD2015,BD201570,Parua,
BD55857366,BD5585,BD558573,Parul,
BD30354361,BD3035,BD303543,Parulia,
BD40872563,BD4087,BD408725,Parulia,
BD30355878,BD3035,BD303558,Pasargati,
BD20134511,BD2013,BD201345,Paschim Baluthupa,
BD20198118,BD2019,BD201981,Paschim Bangara,
BD60367794,BD6036,BD603677,Paschim Bara Bhakhair,
BD20221694,BD2022,BD202216,Paschim Bara Bheola,
BD20134920,BD2013,BD201349,Paschim Barkul,
BD60902789,BD6090,BD609027,Paschim Birgaon,
BD20134523,BD2013,BD201345,Paschim Char Dukhia,
BD10095470,BD1009,BD100954,Paschim Char Umed,
BD55731276,BD5573,BD557312,Paschim Chhatnai,
BD20158294,BD2015,BD201582,Paschim Dhemsa,
BD60915970,BD6091,BD609159,Paschim Dighirpar,
BD20137994,BD2013,BD201379,Paschim Fatehpur,
BD60910860,BD6091,BD609108,Paschim Gauripur,
BD20151250,BD2015,BD201512,Paschim Gomdandi,
BD20134559,BD2013,BD201345,Paschim Gupti,
BD20157494,BD2015,BD201574,Paschim Guzara,
BD10091855,BD1009,BD100918,Paschim Illisha,
BD60914142,BD6091,BD609141,Paschim Jaflong,
BD20193380,BD2019,BD201933,Paschim Jorekaran,
BD60583555,BD6058,BD605835,Paschim Juri,
BD60915966,BD6091,BD609159,Paschim Lakshmip Rasad,
BD20128560,BD2012,BD201285,Paschim Nabinagar,
BD20198163,BD2019,BD201981,Paschim Nabipur,
BD60902790,BD6090,BD609027,Paschim Pagla,
BD60910864,BD6091,BD609108,Paschim Pailanpur,
BD20193686,BD2019,BD201936,Paschim Panchgachhia,
BD20198181,BD2019,BD201981,Paschim Purbadhair,
BD20120445,BD2012,BD201204,Paschim Rupasdi,
BD20135894,BD2013,BD201358,Paschim Sahadebpur,
BD20120436,BD2012,BD201204,Paschim Saifullakandi,
BD20134595,BD2013,BD201345,Paschim Subidpur,
BD20123374,BD2012,BD201233,Paschim Talsahar,
BD20120454,BD2012,BD201204,Paschim Ujan Char,
BD40411160,BD4041,BD404111,Pashapole,
BD55854939,BD5585,BD558549,Pashuram,
BD30598461,BD3059,BD305984,Patabhog,
BD60904766,BD6090,BD609047,Patali,
BD20222471,BD2022,BD202224,Patali Machhuakhali,
BD60585666,BD6058,BD605856,Patanushar,
BD20513387,BD2051,BD205133,Patarir Hat,
BD30359176,BD3035,BD303591,Patgati,
BD55527067,BD5552,BD555270,Patgram,
BD20468057,BD2046,BD204680,Pathachhara,
BD20135879,BD2013,BD201358,Pathair,
BD45896766,BD4589,BD458967,Pathakata,
BD30267272,BD3026,BD302672,Pathalia (part),
BD20301476,BD2030,BD203014,Pathannagar,
BD55490676,BD5549,BD554906,Pathardubi,
BD10048571,BD1004,BD100485,Patharghata,
BD50648663,BD5064,BD506486,Pathari,
BD60902761,BD6090,BD609027,Patharia,
BD45392987,BD4539,BD453929,Patharsi,
BD30932371,BD3093,BD309323,Pathrail,
BD40411169,BD4041,BD404111,Patibila,
BD50647577,BD5064,BD506475,Patichara,
BD55523366,BD5552,BD555233,Patika Para,
BD20156199,BD2015,BD201561,Patiya Paurashava,
BD10424379,BD1042,BD104243,Patkelghata,
BD50647586,BD5064,BD506475,Patnitala,
BD30827380,BD3082,BD308273,Patta,
BD20120772,BD2012,BD201207,Pattan,
BD10799051,BD1079,BD107990,Pattashi,
BD30487985,BD3048,BD304879,Patuabhanga,
BD30680771,BD3068,BD306807,Patuli,
BD10040999,BD1004,BD100409,Paurashava,
BD10042899,BD1004,BD100428,Paurashava,
BD10044799,BD1004,BD100447,Paurashava,
BD10048599,BD1004,BD100485,Paurashava,
BD10060799,BD1006,BD100607,Paurashava,
BD10061099,BD1006,BD100610,Paurashava,
BD10063299,BD1006,BD100632,Paurashava,
BD10066299,BD1006,BD100662,Paurashava,
BD10066999,BD1006,BD100669,Paurashava,
BD10091899,BD1009,BD100918,Paurashava,
BD10092199,BD1009,BD100921,Paurashava,
BD10092599,BD1009,BD100925,Paurashava,
BD10092999,BD1009,BD100929,Paurashava,
BD10095499,BD1009,BD100954,Paurashava,
BD10424099,BD1042,BD104240,Paurashava,
BD10427399,BD1042,BD104273,Paurashava,
BD10783899,BD1078,BD107838,Paurashava,
BD10785799,BD1078,BD107857,Paurashava,
BD10786699,BD1078,BD107866,Paurashava,
BD10789599,BD1078,BD107895,Paurashava,
BD10795899,BD1079,BD107958,Paurashava,
BD10798099,BD1079,BD107980,Paurashava,
BD10798799,BD1079,BD107987,Paurashava,
BD50108599,BD5010,BD501085,Paurashava,
BD55271099,BD5527,BD552710,Paurashava,
BD55271299,BD5527,BD552712,Paurashava,
BD55273899,BD5527,BD552738,Paurashava,
BD55274399,BD5527,BD552743,Paurashava,
BD55274799,BD5527,BD552747,Paurashava,
BD55276499,BD5527,BD552764,Paurashava,
BD55277799,BD5527,BD552777,Paurashava,
BD55322499,BD5532,BD553224,Paurashava,
BD55323099,BD5532,BD553230,Paurashava,
BD55495299,BD5549,BD554952,Paurashava,
BD55496199,BD5549,BD554961,Paurashava,
BD55499499,BD5549,BD554994,Paurashava,
BD55525599,BD5552,BD555255,Paurashava,
BD55527099,BD5552,BD555270,Paurashava,
BD55731599,BD5573,BD557315,Paurashava,
BD55733699,BD5573,BD557336,Paurashava,
BD55736499,BD5573,BD557364,Paurashava,
BD55738599,BD5573,BD557385,Paurashava,
BD55772599,BD5577,BD557725,Paurashava,
BD55777399,BD5577,BD557773,Paurashava,
BD55850399,BD5585,BD558503,Paurashava,
BD55854299,BD5585,BD558542,Paurashava,
BD55854999,BD5585,BD558549,Paurashava,
BD55948299,BD5594,BD559482,Paurashava,
BD55948699,BD5594,BD559486,Paurashava,
BD55949499,BD5594,BD559494,Paurashava,
BD45618154,BD4561,BD456181,Payari,
BD40410442,BD4041,BD404104,Payra,
BD30545483,BD3054,BD305454,Pearpur,
BD40503967,BD4050,BD405039,Pearpur,
BD20225683,BD2022,BD202256,Pekua,
BD20464975,BD2046,BD204649,Perachhara,
BD20198780,BD2019,BD201987,Peria,
BD40017371,BD4001,BD400173,Perikhali,
BD40183123,BD4018,BD401831,Perkrishnapur Madna,
BD20193383,BD2019,BD201933,Perul (Dakshin),
BD20193387,BD2019,BD201933,Perul (Uttar),
BD40652887,BD4065,BD406528,Peruli,
BD40503974,BD4050,BD405039,Philipnagar,
BD55491840,BD5549,BD554918,Phulbari,
BD10042857,BD1004,BD100428,Phuljhury,
BD45618158,BD4561,BD456181,Phulpur,
BD45618199,BD4561,BD456181,Phulpur Paurashava,
BD40411177,BD4041,BD404111,Phulsara,
BD30296233,BD3029,BD302962,Phulsuti,
BD40476976,BD4047,BD404769,Phultala,
BD40013473,BD4001,BD400134,Piljanga,
BD45398563,BD4539,BD453985,Pingna,
BD30355163,BD3035,BD303551,Pinjuri,
BD50696387,BD5069,BD506963,Piprul,
BD20191872,BD2019,BD201918,Pir Jatrapur,
BD50109471,BD5010,BD501094,Pirab,
BD55857376,BD5585,BD558573,Pirgachha,
BD55857669,BD5585,BD558576,Pirganj,
BD55948277,BD5594,BD559482,Pirganj,
BD30480686,BD3048,BD304806,Pirijpur,
BD30670469,BD3067,BD306704,Pirijpur,
BD40578795,BD4057,BD405787,Pirojpur,
BD45398573,BD4539,BD453985,Pogaldigha,
BD45724083,BD4572,BD457240,Pogla,
BD60364457,BD6036,BD603644,Poil,
BD20222483,BD2022,BD202224,Pokkhali,
BD20157060,BD2015,BD201570,Pomara,
BD10424085,BD1042,BD104240,Ponabalia,
BD20151257,BD2015,BD201512,Popadia,
BD45611673,BD4561,BD456116,Pora Kandulia,
BD30939590,BD3093,BD309395,Porabari,
BD40509480,BD4050,BD405094,Poradaha,
BD45897075,BD4589,BD458970,Poragaon,
BD40441979,BD4044,BD404419,Porahati,
BD50886765,BD5088,BD508867,Porjana,
BD50886773,BD5088,BD508867,Potajia,
BD30338657,BD3033,BD303386,Prahladpur,
BD40410421,BD4041,BD404104,Prambag,
BD50644788,BD5064,BD506447,Prasadpur,
BD40870477,BD4087,BD408704,Pratap Nagar,
BD40503981,BD4050,BD405039,Prayagpur,
BD60586571,BD6058,BD605865,Prithim Pasha,
BD30333081,BD3033,BD303330,Pubail,
BD20150863,BD2015,BD201508,Puichhari,
BD30354367,BD3035,BD303543,Puisur,
BD60361182,BD6036,BD603611,Pukhra,
BD20150869,BD2015,BD201508,Pukuria,
BD30482754,BD3048,BD304827,Pumdi,
BD50385876,BD5038,BD503858,Punat,
BD55273071,BD5527,BD552730,Punatti,
BD55495285,BD5549,BD554952,Punchgachhi,
BD50763384,BD5076,BD507633,Pungali,
BD30296272,BD3029,BD302962,Pura Para,
BD50761673,BD5076,BD507616,Puran Bharenga,
BD20158276,BD2015,BD201582,Puranagar,
BD50384785,BD5038,BD503847,Puranapail,
BD30480291,BD3048,BD304802,Purba Austagram,
BD20134513,BD2013,BD201345,Purba Baluthupa,
BD20198113,BD2019,BD201981,Purba Bangara,
BD60367790,BD6036,BD603677,Purba Bara Bakhair,
BD20221639,BD2022,BD202216,Purba Barabheola,
BD20134918,BD2013,BD201349,Purba Barkul,
BD60902792,BD6090,BD609027,Purba Birgoan,
BD20302569,BD2030,BD203025,Purba Chandrapur,
BD20758547,BD2075,BD207585,Purba Char Bata,
BD20134517,BD2013,BD201345,Purba Char Dukhia,
BD20758790,BD2075,BD207587,Purba Char Matua,
BD55731285,BD5573,BD557312,Purba Chhatnai,
BD30862559,BD3086,BD308625,Purba Damudya,
BD10797621,BD1079,BD107976,Purba Deulbaridobra,
BD60915976,BD6091,BD609159,Purba Dighirpar,
BD20137917,BD2013,BD201379,Purba Fatehpur,
BD60910870,BD6091,BD609108,Purba Gauripur,
BD20151238,BD2015,BD201512,Purba Gomdandi,
BD20134553,BD2013,BD201345,Purba Gupti,
BD20157431,BD2015,BD201574,Purba Guzara,
BD60914131,BD6091,BD609141,Purba Jaflong,
BD20193373,BD2019,BD201933,Purba Jorekaran,
BD60583567,BD6058,BD605835,Purba Juri,
BD60915972,BD6091,BD609159,Purba Lakshmi Prasad,
BD20128562,BD2012,BD201285,Purba Nabinagar,
BD20198158,BD2019,BD201981,Purba Nabipur,
BD30869480,BD3086,BD308694,Purba Naodoba,
BD60902794,BD6090,BD609027,Purba Pagla,
BD60910867,BD6091,BD609108,Purba Pailanpur,
BD20198176,BD2019,BD201981,Purba Purbadhair,
BD20120468,BD2012,BD201204,Purba Rupasdi,
BD20135887,BD2013,BD201358,Purba Sahadebpur,
BD20120459,BD2012,BD201204,Purba Saifullakandi,
BD20134589,BD2013,BD201345,Purba Subidpur,
BD20121381,BD2012,BD201213,Purba Talsahar,
BD20120477,BD2012,BD201204,Purba Ujan Char,
BD20129094,BD2012,BD201290,Purbabagh,
BD45728394,BD4572,BD457283,Purbadhala,
BD45728399,BD4572,BD457283,Purbadhala Paurashava,
BD50889458,BD5088,BD508894,Purnimaganti,
BD40652894,BD4065,BD406528,Purulia,
BD30564694,BD3056,BD305646,Putail,
BD50818267,BD5081,BD508182,Puthia,
BD50818299,BD5081,BD508182,Puthia Paurashava,
BD30687684,BD3068,BD306876,Putia,
BD20154780,BD2015,BD201547,Putibila,
BD45612083,BD4561,BD456120,Putijana,
BD60360559,BD6036,BD603605,Putijuri,
BD40016083,BD4001,BD400160,Putikhali,
BD55276986,BD5527,BD552769,Putimara,
BD55734586,BD5573,BD557345,Putimari,
BD40419077,BD4041,BD404190,Putkhali,
BD30355171,BD3035,BD303551,Radhaganj,
BD45612089,BD4561,BD456120,Radhakanai,
BD20197595,BD2019,BD201975,Radhanagar,
BD20301485,BD2030,BD203014,Radhanagar,
BD30686481,BD3068,BD306864,Radhanagar,
BD50703773,BD5070,BD507037,Radhanagar,
BD55770467,BD5577,BD557704,Radhanagar,
BD55850382,BD5585,BD558503,Radhanagar,
BD60902966,BD6090,BD609029,Rafinagar,
BD40555788,BD4055,BD405557,Raghab Dair,
BD30355883,BD3035,BD303558,Raghdi,
BD30353273,BD3035,BD303532,Raghunathpur,
BD40441473,BD4044,BD404414,Raghunathpur,
BD40473061,BD4047,BD404730,Raghunathpur,
BD50703799,BD5070,BD507037,Rahanpur Paurashava,
BD55949468,BD5594,BD559494,Rahimanpur,
BD45618163,BD4561,BD456181,Rahimganj,
BD60585676,BD6058,BD605856,Rahimpur,
BD10060381,BD1006,BD100603,Rahmatpur,
BD20157885,BD2015,BD201578,Rahmatpur,
BD10048583,BD1004,BD100485,Raihanpur,
BD50381331,BD5038,BD503813,Raikali,
BD20843676,BD2084,BD208436,Raikhali,
BD30295684,BD3029,BD302956,Raipur,
BD30483394,BD3048,BD304833,Raituti,
BD20229447,BD2022,BD202294,Raja Palong,
BD30338666,BD3033,BD303386,Rajabari,
BD60915985,BD6091,BD609159,Rajaganj,
BD55949479,BD5594,BD559494,Rajagaon,
BD55323061,BD5532,BD553230,Rajahar,
BD45611386,BD4561,BD456113,Rajai,
BD20225689,BD2022,BD202256,Rajakhali,
BD20194077,BD2019,BD201940,Rajamehar,
BD20157069,BD2015,BD201570,Rajanagar,
BD30597481,BD3059,BD305974,Rajanagar,
BD60902976,BD6090,BD609029,Rajanagar,
BD10091873,BD1009,BD100918,Rajapur,
BD10428454,BD1042,BD104284,Rajapur,
BD20191875,BD2019,BD201918,Rajapur,
BD20302573,BD2030,BD203025,Rajapur,
BD40556684,BD4055,BD405566,Rajapur,
BD50102073,BD5010,BD501020,Rajapur,
BD50881181,BD5088,BD508811,Rajapur,
BD55497773,BD5549,BD554977,Rajarhat,
BD20226676,BD2022,BD202266,Rajarkul,
BD30827699,BD3082,BD308276,Rajbari Paurashava,
BD20031447,BD2003,BD200314,Rajbila,
BD55854947,BD5585,BD558549,Rajendrapur,
BD20750780,BD2075,BD207507,Rajganj,
BD45617279,BD4561,BD456172,Rajgati,
BD60588357,BD6058,BD605883,Rajghat,
BD45613167,BD4561,BD456131,Rajibpur,
BD10060279,BD1006,BD100602,Rajiher,
BD30866594,BD3086,BD308665,Rajnagar,
BD40017377,BD4001,BD400173,Rajnagar,
BD45897077,BD4589,BD458970,Rajnagar,
BD60588063,BD6058,BD605880,Rajnagar,
BD30548095,BD3054,BD305480,Rajoir,
BD30354374,BD3035,BD303543,Rajpat,
BD55525594,BD5552,BD555255,Rajpur,
BD20132276,BD2013,BD201322,Rajrajeshwar,
BD55323067,BD5532,BD553230,Rakhal Buruz,
BD40010886,BD4001,BD400108,Rakhalgachhi,
BD40443381,BD4044,BD404433,Rakhalgachhi,
BD50699171,BD5069,BD506991,Ramananda Khajura,
BD30861477,BD3086,BD308614,Rambhadrapur,
BD45618167,BD4561,BD456181,Rambhadrapur,
BD45897086,BD4589,BD458970,Ramchandrakura Mandalia,
BD40016089,BD4001,BD400160,Ramchandrapur,
BD55275647,BD5527,BD552756,Ramchandrapur,
BD55322487,BD5532,BD553224,Ramchandrapur,
BD30485471,BD3048,BD304854,Ramdi,
BD50104081,BD5010,BD501040,Rameshwarpur,
BD10095476,BD1009,BD100954,Ramganj,
BD20516599,BD2051,BD205165,Ramganj Paurashava,
BD20468076,BD2046,BD204680,Ramgarh,
BD20468099,BD2046,BD204680,Ramgarh Paurashava,
BD20517399,BD2051,BD205173,Ramgati Paurashava,
BD45612372,BD4561,BD456123,Ramgopalpur,
BD40878687,BD4087,BD408786,Ramjan Nagar,
BD30544082,BD3054,BD305440,Ramjanpur,
BD55329163,BD5532,BD553291,Ramjiban,
BD30299078,BD3029,BD302990,Ramkantapur,
BD30827680,BD3082,BD308276,Ramkantapur,
BD55496188,BD5549,BD554961,Ramkhana,
BD30562887,BD3056,BD305628,Ramkrishnapur,
BD40503988,BD4050,BD405039,Ramkrishnapur,
BD50889465,BD5088,BD508894,Ramkrishnapur,
BD10041995,BD1004,BD100419,Ramna,
BD55490959,BD5549,BD554909,Ramna,
BD20302577,BD2030,BD203025,Ramnagar,
BD30296283,BD3029,BD302962,Ramnagar,
BD40414792,BD4041,BD404147,Ramnagar,
BD55736475,BD5573,BD557364,Ramnagar,
BD20751076,BD2075,BD207510,Ramnarayanpur,
BD55850388,BD5585,BD558503,Ramnathpur,
BD55857682,BD5585,BD558576,Ramnathpur,
BD30595685,BD3059,BD305956,Rampal,
BD40017383,BD4001,BD400173,Rampal,
BD60912084,BD6091,BD609120,Rampasha,
BD20132285,BD2013,BD201322,Rampur,
BD20752171,BD2075,BD207521,Rampur,
BD45618172,BD4561,BD456181,Rampur,
BD45619466,BD4561,BD456194,Rampur,
BD55277786,BD5527,BD552777,Rampur,
BD20121383,BD2012,BD201213,Ramrail,
BD30355179,BD3035,BD303551,Ramshil,
BD55734594,BD5573,BD557345,Ranachandi,
BD45393659,BD4539,BD453936,Ranagachha,
BD10427373,BD1042,BD104273,Ranapasha,
BD10785783,BD1078,BD107857,Rangabali,
BD20848799,BD2084,BD208487,Rangamati Paurashava,
BD20153376,BD2015,BD201533,Rangamatia,
BD45612094,BD4561,BD456120,Rangamatia,
BD55272181,BD5527,BD552721,Rangaon,
BD60908972,BD6090,BD609089,Rangar Char,
BD10060794,BD1006,BD100607,Rangasree,
BD45724095,BD4572,BD457240,Rangchhati,
BD10785284,BD1078,BD107852,Rangopaldi,
BD40473067,BD4047,BD404730,Rangpur,
BD20157077,BD2015,BD201570,Rangunia,
BD20157099,BD2015,BD201570,Rangunia Paurashava,
BD55271785,BD5527,BD552717,Rani Pukur,
BD55855894,BD5585,BD558558,Rani Pukur,
BD45899071,BD4589,BD458990,Rani Shimul,
BD55490971,BD5549,BD554909,Raniganj,
BD60904776,BD6090,BD609047,Raniganj,
BD60362666,BD6036,BD603626,Ranigaon,
BD50706683,BD5070,BD507066,Ranihati,
BD60912747,BD6091,BD609127,Ranikhai Dakshin,
BD60912757,BD6091,BD609127,Ranikhai Uttar,
BD50648584,BD5064,BD506485,Raninagar,
BD50768357,BD5076,BD507683,Raninagar,
BD45612275,BD4561,BD456122,Raona,
BD20157475,BD2015,BD201574,Raozan,
BD20157499,BD2015,BD201574,Raozan Paurashava,
BD40013876,BD4001,BD400138,Rari Para,
BD30598467,BD3059,BD305984,Rarikhal,
BD40476483,BD4047,BD404764,Raruli,
BD20226670,BD2022,BD202266,Rashid Nagar,
BD30484994,BD3048,BD304849,Rashidabad,
BD45393665,BD4539,BD453936,Rashidpur,
BD30545489,BD3054,BD305454,Rasti,
BD10092588,BD1009,BD100925,Rasul Pur,
BD20128567,BD2012,BD201285,Rasullabad,
BD20194089,BD2019,BD201940,Rasulpur,
BD20750784,BD2075,BD207507,Rasulpur,
BD30932886,BD3093,BD309328,Rasulpur,
BD45612269,BD4561,BD456122,Rasulpur,
BD50646973,BD5064,BD506469,Rasulpur,
BD55275663,BD5527,BD552756,Rasulpur,
BD55328294,BD5532,BD553282,Rasulpur,
BD30597488,BD3059,BD305974,Rasunia,
BD30354381,BD3035,BD303543,Ratail,
BD10785794,BD1078,BD107857,Ratandi Taltali,
BD30824785,BD3082,BD308247,Ratandia,
BD50887860,BD5088,BD508878,Ratankandi,
BD20128572,BD2012,BD201285,Ratanpur,
BD40874787,BD4087,BD408747,Ratanpur,
BD20229463,BD2022,BD202294,Ratna Palong,
BD10060287,BD1006,BD100602,Ratnapur,
BD55948687,BD5594,BD559486,Rator,
BD45727479,BD4572,BD457274,Rauha,
BD45898888,BD4589,BD458988,Rauha Betmari,
BD55497971,BD5549,BD554979,Raumari,
BD30489267,BD3048,BD304892,Rauti,
BD30333660,BD3033,BD303336,Rayed,
BD60364466,BD6036,BD603644,Raziura,
BD40503994,BD4050,BD405039,Refayetpur,
BD20039157,BD2003,BD200391,Remakri Pransa,
BD20039538,BD2003,BD200395,Remakry,
BD60364476,BD6036,BD603644,Richi,
BD50813485,BD5081,BD508134,Rishikul,
BD45724788,BD4572,BD457247,Roailbari,
BD50703784,BD5070,BD507037,Rohanpur,
BD40416189,BD4041,BD404161,Rohita,
BD20153380,BD2015,BD201533,Roushangiri,
BD60586577,BD6058,BD605865,Routhgaon,
BD30261471,BD3026,BD302614,Rowail,
BD20038957,BD2003,BD200389,Rowangchhari,
BD50884476,BD5088,BD508844,Roy Daulatpur,
BD10065177,BD1006,BD100651,Roy Pasha Karapur,
BD40017757,BD4001,BD400177,Royenda,
BD55496182,BD5549,BD554961,Royganj,
BD50886199,BD5088,BD508861,Royganj Paurashava,
BD50645076,BD5064,BD506450,Roygaon,
BD50815381,BD5081,BD508153,Royghati,
BD40443374,BD4044,BD404433,Roygram,
BD20515871,BD2051,BD205158,Royipur,
BD20198786,BD2019,BD201987,Roykot,
BD50109479,BD5010,BD501094,Roynagar,
BD30261873,BD3026,BD302618,Roypara,
BD20150495,BD2015,BD201504,Roypur,
BD40410985,BD4041,BD404109,Roypur,
BD40574769,BD4057,BD405747,Roypur,
BD45720959,BD4572,BD457209,Roypur,
BD55857675,BD5585,BD558576,Roypur,
BD55949473,BD5594,BD559494,Roypur,
BD20515899,BD2051,BD205158,Roypur Paurashava,
BD30686484,BD3068,BD306864,Roypura,
BD30686499,BD3068,BD306864,Roypura Paurashava,
BD40473074,BD4047,BD404730,Rudaghara,
BD30866976,BD3086,BD308669,Rudrakar,
BD55949484,BD5594,BD559494,Ruhea,
BD30263851,BD3026,BD302638,Ruhitpur,
BD50381347,BD5038,BD503813,Rukindipur,
BD20039176,BD2003,BD200391,Ruma,
BD50886780,BD5088,BD508867,Rupabati,
BD20840771,BD2084,BD208407,Rupakari,
BD30291885,BD3029,BD302918,Rupapat,
BD45618176,BD4561,BD456181,Rupasi,
BD30676879,BD3067,BD306768,Rupganj,
BD45897094,BD4589,BD458970,Rupnarayankura,
BD50761684,BD5076,BD507616,Ruppur,
BD20035168,BD2003,BD200351,Rupshipara,
BD60914173,BD6091,BD609141,Rustampur,
BD40447183,BD4044,BD404471,S.k.b.(sundarpur),
BD40444281,BD4044,BD404442,Sabdalpur,
BD40559563,BD4055,BD405595,Sabdalpur,
BD20847576,BD2084,BD208475,Sabekhyong,
BD20229047,BD2022,BD202290,Sabrang,
BD20135871,BD2013,BD201358,Sachar,
BD40479454,BD4047,BD404794,Sachiadah,
BD60905081,BD6090,BD609050,Sachna Bazar,
BD10092176,BD1009,BD100921,Sachra,
BD20158283,BD2015,BD201582,Sadaha,
BD40507186,BD4050,BD405071,Sadaki,
BD30481159,BD3048,BD304811,Sadakpur,
BD30298485,BD3029,BD302984,Sadarpur,
BD30670279,BD3067,BD306702,Sadasardi,
BD20121386,BD2012,BD201213,Sadekpur,
BD20150875,BD2015,BD201508,Sadhanpur,
BD30687694,BD3068,BD306876,Sadhar Char,
BD40441989,BD4044,BD404419,Sadhuhati,
BD45390783,BD4539,BD453907,Sadhur Para,
BD50882747,BD5088,BD508827,Sadia Chandpur,
BD30670477,BD3067,BD306704,Sadipur,
BD40507190,BD4050,BD405071,Sadipur,
BD60910881,BD6091,BD609108,Sadipur,
BD50765594,BD5076,BD507655,Sadullahpur,
BD20137964,BD2013,BD201379,Sadullapur,
BD30355187,BD3035,BD303551,Sadullapur,
BD55854963,BD5585,BD558549,Sadya Pushkarni,
BD50645085,BD5064,BD506450,Safapur,
BD10066983,BD1006,BD100669,Safipur,
BD20224983,BD2022,BD202249,Saflapur,
BD40441984,BD4044,BD404419,Saganna,
BD40413866,BD4041,BD404138,Sagardari,
BD50768366,BD5076,BD507683,Sagarkandi,
BD60583583,BD6058,BD605835,Sagarnal,
BD40479467,BD4047,BD404794,Sagladah,
BD50888963,BD5088,BD508889,Saguna,
BD55322494,BD5532,BD553224,Saha Para,
BD40657674,BD4065,BD406576,Sahabad Union,
BD45393671,BD4539,BD453936,Sahabajpur,
BD30937687,BD3093,BD309376,Sahabatpur,
BD30934794,BD3093,BD309347,Sahadebpur,
BD50640384,BD5064,BD506403,Sahagola,
BD45612381,BD4561,BD456123,Sahanati,
BD20751085,BD2075,BD207510,Sahapur,
BD30353277,BD3035,BD303532,Sahapur,
BD50763963,BD5076,BD507639,Sahapur,
BD20221680,BD2022,BD202216,Saharbil,
BD55271795,BD5527,BD552717,Sahargram,
BD40473081,BD4047,BD404730,Sahas,
BD45720971,BD4572,BD457209,Sahata,
BD20191582,BD2019,BD201915,Sahebabad,
BD55499475,BD5549,BD554994,Saheber Alga,
BD20513395,BD2051,BD205133,Saheberhat,
BD30544088,BD3054,BD305440,Sahebrampur,
BD30482767,BD3048,BD304827,Sahedal,
BD20155383,BD2015,BD201553,Saherkhali,
BD50887869,BD5088,BD508878,Saidabad,
BD60902385,BD6090,BD609023,Saidergaon,
BD10061073,BD1006,BD100610,Saidkati,
BD10092995,BD1009,BD100929,Saidpur,
BD20158695,BD2015,BD201586,Saidpur,
BD50109487,BD5010,BD501094,Saidpur,
BD55948286,BD5594,BD559482,Saidpur,
BD60902390,BD6090,BD609023,Saila Afzalabad,
BD50646036,BD5064,BD506460,Sailgachhi,
BD55273079,BD5527,BD552730,Saintara,
BD30568277,BD3056,BD305682,Saista,
BD60364485,BD6036,BD603644,Saistaganj,
BD30354388,BD3035,BD303543,Sajail,
BD20840783,BD2084,BD208407,Sajek,
BD30861486,BD3086,BD308614,Sakhipur,
BD40872579,BD4087,BD408725,Sakhipur,
BD30938599,BD3093,BD309385,Sakhipur Paurashava,
BD20132290,BD2013,BD201322,Sakhua,
BD45619476,BD4561,BD456194,Sakhua,
BD55772594,BD5577,BD557725,Sakoa,
BD20151276,BD2015,BD201512,Sakpura,
BD30263860,BD3026,BD302638,Sakta,
BD45612484,BD4561,BD456124,Sakuai,
BD40652895,BD4065,BD406528,Salamabad,
BD55949489,BD5594,BD559494,Salandar,
BD50889473,BD5088,BD508894,Salanga,
BD50889480,BD5088,BD508894,Salap,
BD55779067,BD5577,BD557790,Salbahan,
BD55773466,BD5577,BD557734,Saldanga,
BD10061063,BD1006,BD100610,Salia Bakpur,
BD20120481,BD2012,BD201204,Salimabad,
BD30937694,BD3093,BD309376,Salimabad,
BD20128575,BD2012,BD201285,Salimganj,
BD20158666,BD2015,BD201586,Salimpur,
BD30934787,BD3093,BD309347,Salla,
BD30680783,BD3068,BD306807,Sallabad,
BD45612282,BD4561,BD456122,Saltia,
BD30485483,BD3048,BD304854,Salua,
BD50812587,BD5081,BD508125,Salua,
BD45726363,BD4572,BD457263,Samaj Sahildeo,
BD30863683,BD3086,BD308636,Samantasar,
BD40506371,BD4050,BD405063,Samaspur,
BD20153390,BD2015,BD201533,Samitirhat,
BD10798757,BD1079,BD107987,Samudaykati,
BD30932894,BD3093,BD309328,Sandhanpur,
BD45618181,BD4561,BD456181,Sandhara,
BD45724794,BD4572,BD457247,Sandikona,
BD20157899,BD2015,BD201578,Sandwip Paurashava,
BD55736482,BD5573,BD557364,Sangalshi,
BD55523374,BD5552,BD555233,Saniajan,
BD60362676,BD6036,BD603626,Sankhola,
BD30670494,BD3067,BD306704,Sanmandi,
BD30333669,BD3033,BD303336,Sanmania,
BD30548779,BD3054,BD305487,Sannyasir Char,
BD30261477,BD3026,BD302614,Sanora,
BD50100699,BD5010,BD501006,Santahar Paurashava,
BD50767299,BD5076,BD507672,Santhia Paurashava,
BD20157890,BD2015,BD201578,Santoshpur,
BD40011463,BD4001,BD400114,Santoshpur,
BD55496194,BD5549,BD554961,Santoshpur,
BD20302982,BD2030,BD203029,Sanua,
BD30824795,BD3082,BD308247,Saorail,
BD50648671,BD5064,BD506486,Sapahar,
BD20848781,BD2084,BD208487,Sapchhari,
BD45392994,BD4539,BD453929,Sapdhari,
BD10795877,BD1079,BD107958,Sapleza,
BD55323078,BD5532,BD553230,Sapmara,
BD55520283,BD5552,BD555202,Saptibari,
BD50763984,BD5076,BD507639,Sara,
BD20035179,BD2003,BD200351,Sarai,
BD55854254,BD5585,BD558542,Sarai,
BD20129476,BD2012,BD201294,Sarail,
BD20150882,BD2015,BD201508,Saral,
BD30261293,BD3026,BD302612,Saralia,
BD50819477,BD5081,BD508194,Saranjai,
BD20157086,BD2015,BD201570,Sarapbhata,
BD40473088,BD4047,BD404730,Sarappur,
BD30480694,BD3048,BD304806,Sarar Char,
BD20197482,BD2019,BD201974,Sarashpur,
BD55329175,BD5532,BD553291,Sarbananda,
BD20840735,BD2084,BD208407,Sarboatali,
BD50812594,BD5081,BD508125,Sardah,
BD40509487,BD4050,BD405094,Sardarpur,
BD10798766,BD1079,BD107987,Sarengkati,
BD50108188,BD5010,BD501081,Sariakandi,
BD50108199,BD5010,BD501081,Sariakandi Paurashava,
BD20157892,BD2015,BD201578,Sarikait,
BD10063294,BD1006,BD100632,Sarikal,
BD10040995,BD1004,BD100409,Sarikkhali,
BD10798077,BD1079,BD107980,Sariktala,
BD30827390,BD3082,BD308273,Sarisha,
BD45613176,BD4561,BD456131,Sarisha,
BD45398599,BD4539,BD453985,Sarishabari Paurashava,
BD20302986,BD2030,BD203029,Sarishadi,
BD10044783,BD1004,BD100447,Sarishamuri,
BD45720447,BD4572,BD457204,Sarmaisa,
BD20151266,BD2015,BD201512,Saroatali,
BD55520289,BD5552,BD555202,Sarpukur,
BD40879079,BD4087,BD408790,Sarulia,
BD40448075,BD4044,BD404480,Sarutia,
BD30291890,BD3029,BD302918,Satair,
BD55271277,BD5527,BD552712,Satair,
BD20199485,BD2019,BD201994,Satani,
BD30260482,BD3026,BD302604,Satarkul,
BD20151895,BD2015,BD201518,Satbaria,
BD20198794,BD2019,BD201987,Satbaria,
BD50768376,BD5076,BD507683,Satbaria,
BD55854971,BD5585,BD558549,Satgara,
BD60588366,BD6058,BD605883,Satgoan,
BD30670287,BD3067,BD306702,Satgram,
BD20158287,BD2015,BD201582,Satkania,
BD20158299,BD2015,BD201582,Satkania Paurashava,
BD60360571,BD6036,BD603605,Satkapan,
BD40878299,BD4087,BD408782,Satkhira Paurashava,
BD40878697,BD4087,BD408786,Satkhira Range,
BD10069473,BD1006,BD100694,Satla,
BD55777383,BD5577,BD557773,Satmara,
BD20128583,BD2012,BD201285,Satmura,
BD20137973,BD2013,BD201379,Satnal,
BD55273087,BD5527,BD552730,Satnala,
BD30353282,BD3035,BD303532,Satpar,
BD45398584,BD4539,BD453985,Satpoa,
BD40555794,BD4055,BD405557,Satrujitpur,
BD50708871,BD5070,BD507088,Satrujitpur,
BD10428467,BD1042,BD104284,Saturia,
BD30567085,BD3056,BD305670,Saturia,
BD10424394,BD1042,BD104243,Sauljalia,
BD55497983,BD5549,BD554979,Saulmari,
BD55733694,BD5573,BD557336,Saulmari,
BD30267278,BD3026,BD302672,Savar,
BD30267299,BD3026,BD302672,Savar Paurashava,
BD55859279,BD5585,BD558592,Sayar,
BD10794763,BD1079,BD107947,Sayna Raghunathpur,
BD30597494,BD3059,BD305974,Sekharnagar,
BD10424095,BD1042,BD104240,Sekherhat,
BD20150888,BD2015,BD201508,Sekherkhil,
BD50102086,BD5010,BD501020,Sekherkola,
BD50646087,BD5064,BD506460,Sekherpur,
BD10797663,BD1079,BD107976,Sekhmatia,
BD55276477,BD5527,BD552764,Sekhpura,
BD60903276,BD6090,BD609032,Selborash,
BD20758099,BD2075,BD207580,Senbagh Paurashava,
BD30869487,BD3086,BD308694,Sener Char,
BD55948294,BD5594,BD559482,Sengaon,
BD20137999,BD2013,BD201379,Sengarchar Paurashava,
BD40474085,BD4047,BD404740,Senhati,
BD55272199,BD5527,BD552721,Setabganj Paurashava,
BD50102077,BD5010,BD501020,Shabgram,
BD50108877,BD5010,BD501088,Shah- Bandegi,
BD20132281,BD2013,BD201322,Shah Mahmudpur,
BD40574773,BD4057,BD405747,Shaharbati,
BD30484595,BD3048,BD304845,Shahasram Dhuldia,
BD50708877,BD5070,BD507088,Shahbajpur,
BD20129485,BD2012,BD201294,Shahbazpur,
BD30827687,BD3082,BD308276,Shahid Wahabpur,
BD55854267,BD5585,BD558542,Shahidbagh,
BD20129490,BD2012,BD201294,Shahjadapur,
BD50886799,BD5088,BD508867,Shahjadpur Paurashava,
BD50706689,BD5070,BD507066,Shahjahanpur,
BD60367194,BD6036,BD603671,Shahjahanpur,
BD20139599,BD2013,BD201395,Shahrasti Paurashava,
BD40657681,BD4065,BD406576,Shaikhati,
BD40448099,BD4044,BD404480,Shailkupa Paurashava,
BD20514385,BD2051,BD205143,Shak Char,
BD55323083,BD5532,BD553230,Shakhahar,
BD50102082,BD5010,BD501020,Shakharia,
BD40558559,BD4055,BD405585,Shalikha,
BD55276994,BD5527,BD552769,Shalkhuria,
BD55323072,BD5532,BD553230,Shalmara,
BD40655294,BD4065,BD406552,Shalnagar,
BD10099185,BD1009,BD100991,Shambhupur,
BD30670486,BD3067,BD306704,Shambhupura,
BD60585685,BD6058,BD605856,Shamshernagar,
BD55857688,BD5585,BD558576,Shanerhat,
BD40182371,BD4018,BD401823,Shankar Chandra,
BD10798069,BD1079,BD107980,Shankarpasha,
BD40412383,BD4041,BD404123,Shankarpur,
BD55276460,BD5527,BD552764,Shankarpur,
BD10797673,BD1079,BD107976,Shankharikati,
BD50100681,BD5010,BD501006,Shantahar,
BD55329169,BD5532,BD553291,Shantiram,
BD40017797,BD4001,BD400177,Sharankhola Range,
BD30866999,BD3086,BD308669,Shariatpur Paurashava,
BD20123377,BD2012,BD201233,Sharifpur,
BD20750787,BD2075,BD207507,Sharifpur,
BD45393677,BD4539,BD453936,Sharifpur,
BD60586589,BD6058,BD605865,Sharifpur,
BD40419086,BD4041,BD404190,Sharsha,
BD55276469,BD5527,BD552764,Shashara,
BD20191588,BD2019,BD201915,Shashidal,
BD40010894,BD4001,BD400108,Shat Gambuj,
BD55271269,BD5527,BD552712,Shatagram,
BD40558571,BD4055,BD405585,Shatakhali,
BD60362685,BD6036,BD603626,Shatiajuri,
BD30866985,BD3086,BD308669,Shaul Para,
BD10065186,BD1006,BD100651,Shayestabad,
BD60364400,BD6036,BD603644,Shayestagang Paurashava,
BD45396197,BD4539,BD453961,Shaympur,
BD30291895,BD3029,BD302918,Shekhar,
BD40507194,BD4050,BD405071,Shelaidaha,
BD60911786,BD6091,BD609117,Sheola,
BD50699179,BD5069,BD506991,Sherkole,
BD45617287,BD4561,BD456172,Sherpur,
BD45898899,BD4589,BD458988,Sherpur Paurashava,
BD50108899,BD5010,BD501088,Sherpur Paurashava,
BD10794779,BD1079,BD107947,Shialkati,
BD50887877,BD5088,BD508878,Shialkul,
BD30548799,BD3054,BD305487,Shib Char Paurashava,
BD30567847,BD3056,BD305678,Shibalaya,
BD30548784,BD3054,BD305487,Shibchar,
BD50109494,BD5010,BD501094,Shibganj,
BD50109499,BD5010,BD501094,Shibganj Paurashava,
BD50708899,BD5070,BD507088,Shibganj Paurashava,
BD55273884,BD5527,BD552738,Shibnagar,
BD60360281,BD6036,BD603602,Shibpasha,
BD20128586,BD2012,BD201285,Shibpur,
BD30481171,BD3048,BD304811,Shibpur,
BD40011479,BD4001,BD400114,Shibpur,
BD40878294,BD4087,BD408782,Shibpur,
BD55323089,BD5532,BD553230,Shibpur,
BD30687699,BD3068,BD306876,Shibpur Paurashava,
BD55271286,BD5527,BD552712,Shibrampur,
BD50647594,BD5064,BD506475,Shihara,
BD30544094,BD3054,BD305440,Shikar Mangal,
BD30266288,BD3026,BD302662,Shikari Para,
BD10069484,BD1006,BD100694,Shikarpur,
BD20153789,BD2015,BD201537,Shikarpur,
BD20225693,BD2022,BD202256,Shilkhali,
BD55490685,BD5549,BD554906,Shilkhuri,
BD50108885,BD5010,BD501088,Shimabari,
BD60902778,BD6090,BD609027,Shimulbak,
BD55491881,BD5549,BD554918,Shimulbari,
BD55733687,BD5573,BD557336,Shimulbari,
BD30267283,BD3026,BD302672,Shimulia,
BD30567835,BD3056,BD305678,Shimulia,
BD40412389,BD4041,BD404123,Shimulia,
BD40506377,BD4050,BD405063,Shimulia,
BD30481183,BD3048,BD304811,Shimulkandi,
BD55523376,BD5552,BD555233,Shingimari,
BD50648679,BD5064,BD506486,Shiranti,
BD40574784,BD4057,BD405747,Shola Taka,
BD40476489,BD4047,BD404764,Sholadana,
BD30598481,BD3059,BD305984,Sholaghar,
BD10069494,BD1006,BD100694,Sholak,
BD20191894,BD2019,BD201918,Sholanal,
BD30266294,BD3026,BD302662,Sholla,
BD60901880,BD6090,BD609018,Sholukabad,
BD60913836,BD6091,BD609138,Shorifgonj,
BD20193185,BD2019,BD201931,Shubhapur,
BD20842179,BD2084,BD208421,Shublong,
BD30685294,BD3068,BD306852,Shukundi,
BD20128588,BD2012,BD201285,Shyamgram,
BD40416194,BD4041,BD404161,Shyamkur,
BD40447177,BD4044,BD404471,Shyamkur,
BD40878694,BD4087,BD408786,Shyamnagar,
BD30263295,BD3026,BD302632,Shyampur,
BD50708889,BD5070,BD507088,Shyampur,
BD30598488,BD3059,BD305984,Shyamsiddhi,
BD10427384,BD1042,BD104273,Siddhakati,
BD40410463,BD4041,BD404104,Siddhipasha,
BD30675800,BD3067,BD306758,Siddirganj Paurashava,
BD30482781,BD3048,BD304827,Sidhla,
BD45612385,BD4561,BD456123,Sidhla,
BD45395883,BD4539,BD453958,Sidhuli,
BD20191550,BD2019,BD201915,Sidlai,
BD30862571,BD3086,BD308625,Sidulkura,
BD30862583,BD3086,BD308625,Sidya,
BD20156185,BD2015,BD201561,Sikalbaha,
BD10798086,BD1079,BD107980,Sikdar Mallik,
BD30595638,BD3059,BD305956,Silai,
BD60913175,BD6091,BD609131,Silam,
BD30939583,BD3093,BD309395,Silimpur,
BD50763973,BD5076,BD507639,Silimpur,
BD20150894,BD2015,BD201508,Silkup,
BD30686095,BD3068,BD306860,Silmandi,
BD50818281,BD5081,BD508182,Silmaria,
BD20157094,BD2015,BD201570,Silok,
BD40185557,BD4018,BD401855,Simanta,
BD40443388,BD4044,BD404433,Simla Rokonpur,
BD20466579,BD2046,BD204665,Sindukchari,
BD60588376,BD6058,BD605883,Sindurkhan,
BD55523385,BD5552,BD555233,Sindurna,
BD20302590,BD2030,BD203025,Sindurpur,
BD60902392,BD6090,BD609023,Sing Chapair,
BD30354394,BD3035,BD303543,Singa,
BD45899079,BD4589,BD458990,Singa Baruna,
BD30568286,BD3056,BD305682,Singair,
BD30568299,BD3056,BD305682,Singair Paurashava,
BD40657688,BD4065,BD406576,Singasolpur,
BD30333677,BD3033,BD303336,Singasree,
BD45720983,BD4572,BD457209,Singdha,
BD40411186,BD4041,BD404111,Singhajhuli,
BD45727487,BD4572,BD457274,Singhar Bangla,
BD45618190,BD4561,BD456181,Singheshwar,
BD30562283,BD3056,BD305622,Singjuri,
BD30487685,BD3048,BD304876,Singpur,
BD55274376,BD5527,BD552743,Singra,
BD50699199,BD5069,BD506991,Singra Paurashava,
BD45617294,BD4561,BD456172,Singrail,
BD50887899,BD5088,BD508878,Sirajganj Paurashava,
BD20752183,BD2075,BD207521,Sirajpur,
BD30545494,BD3054,BD305454,Sirkhara,
BD45615294,BD4561,BD456152,Sirta,
BD30548789,BD3054,BD305487,Siruail,
BD20158699,BD2015,BD201586,Sitakunda Paurashava,
BD60360583,BD6036,BD603605,Snanghat,
BD40473094,BD4047,BD404730,Sobhana,
BD20156188,BD2015,BD201561,Sobhandandi,
BD40870486,BD4087,BD408704,Sobhnali,
BD10798776,BD1079,BD107987,Sohagdal,
BD45613185,BD4561,BD456131,Sohagi,
BD30935792,BD3093,BD309357,Solakuri,
BD30261483,BD3026,BD302614,Sombhag,
BD40874394,BD4087,BD408743,Sonabaria,
BD50811285,BD5081,BD508112,Sonadanga,
BD20753676,BD2075,BD207536,Sonadia,
BD20309485,BD2030,BD203094,Sonagazi,
BD20309499,BD2030,BD203094,Sonagazi Paurashava,
BD55773476,BD5577,BD557734,Sonahar Mallikadaha,
BD45720471,BD4572,BD457204,Sonai,
BD20158685,BD2015,BD201586,Sonaichhari,
BD20758399,BD2075,BD207583,Sonaimuri Paurashava,
BD20158291,BD2015,BD201582,Sonakania,
BD10040996,BD1004,BD100409,Sonakata,
BD50886185,BD5088,BD508861,Sonakhara,
BD50381363,BD5038,BD503813,Sonamukhi,
BD50885077,BD5088,BD508850,Sonamukhi,
BD10099176,BD1009,BD100991,Sonapur,
BD20515883,BD2051,BD205158,Sonapur,
BD20758394,BD2075,BD207583,Sonapur,
BD30299089,BD3029,BD302990,Sonapur,
BD50104088,BD5010,BD501040,Sonarai,
BD20120483,BD2012,BD201204,Sonarampur,
BD30599494,BD3059,BD305994,Sonarang Tongibari,
BD30670499,BD3067,BD306704,Sonargaon Paurashava,
BD55329182,BD5532,BD553291,Sonaroy,
BD55731595,BD5573,BD557315,Sonaroy,
BD55736488,BD5573,BD557364,Sonaroy,
BD50109573,BD5010,BD501095,Sonatala,
BD50886794,BD5088,BD508867,Sonatani,
BD50109599,BD5010,BD501095,Sonatola Paurashava,
BD20515828,BD2051,BD205158,South Char Ababil,
BD20515838,BD2051,BD205158,South Char Bangshi Union,
BD20157027,BD2015,BD201570,South Rajanagar,
BD45899086,BD4589,BD458990,Sreebardi,
BD45899099,BD4589,BD458990,Sreebardi Paurashava,
BD40410473,BD4041,BD404104,Sreedharpur,
BD40477567,BD4047,BD404775,Sreefaltala,
BD30333276,BD3033,BD303332,Sreefaltali,
BD20198194,BD2019,BD201981,Sreekail,
BD40559573,BD4055,BD405595,Sreekol,
BD60588385,BD6058,BD605883,Sreemangal,
BD60588399,BD6058,BD605883,Sreemangal Paurashava,
BD50646984,BD5064,BD506469,Sreemantapur,
BD30481185,BD3048,BD304811,Sreenagar,
BD30598474,BD3059,BD305984,Sreenagar,
BD30686491,BD3068,BD306864,Sreenagar,
BD20193190,BD2019,BD201931,Sreepur,
BD40559584,BD4055,BD405595,Sreepur,
BD45393683,BD4539,BD453936,Sreepur,
BD50811288,BD5081,BD508112,Sreepur,
BD55329188,BD5532,BD553291,Sreepur,
BD20151285,BD2015,BD201512,Sreepur Kharandwip,
BD30338699,BD3033,BD303386,Sreepur Paurashava,
BD10797684,BD1079,BD107976,Sreeramkati,
BD20128590,BD2012,BD201285,Sreerampur,
BD55527081,BD5552,BD555270,Sreerampur,
BD40870494,BD4087,BD408704,Sreeula,
BD20229039,BD2022,BD202290,St.Martin Dwip,
BD50882771,BD5088,BD508827,Sthal,
BD20153385,BD2015,BD201533,Suabil,
BD30355194,BD3035,BD303551,Suagram,
BD45726373,BD4572,BD457263,Suair,
BD30261488,BD3026,BD302614,Suapur,
BD40410484,BD4041,BD404104,Subha Para,
BD50811294,BD5081,BD508112,Subhadanga,
BD40013484,BD4001,BD400134,Subhadia,
BD30263869,BD3026,BD302638,Subhadya (Part),
BD50885086,BD5088,BD508850,Subhagachha,
BD20301495,BD2030,BD203014,Subhapur,
BD10427394,BD1042,BD104273,Subidpur,
BD60361194,BD6036,BD603611,Subidpur,
BD20194095,BD2019,BD201940,Subil,
BD40413876,BD4041,BD404138,Sufalakati,
BD50108895,BD5010,BD501088,Sughat,
BD55328885,BD5532,BD553288,Sughatta,
BD20192794,BD2019,BD201927,Suhilpur (paschim Silpur),
BD55271294,BD5527,BD552712,Sujalpur,
BD50768385,BD5076,BD507683,Sujanagar,
BD60581477,BD6058,BD605814,Sujanagar,
BD50768399,BD5076,BD507683,Sujanagar Paurashava,
BD60361188,BD6036,BD603611,Sujatpur,
BD50699194,BD5069,BD506991,Sukash,
BD20753685,BD2075,BD207536,Sukh Char,
BD55949494,BD5594,BD559494,Sukhanpukhari,
BD45720459,BD4572,BD457204,Sukhari,
BD30487995,BD3048,BD304879,Sukhia,
BD40411194,BD4041,BD404111,Sukpukhuria,
BD10428481,BD1042,BD104284,Suktagarh,
BD30353286,BD3035,BD303532,Suktail,
BD60908695,BD6090,BD609086,Sulla,
BD20137990,BD2013,BD201379,Sultanabad,
BD30263451,BD3026,BD302634,Sultanganj,
BD50108590,BD5010,BD501085,Sultanganj (Part),
BD20121388,BD2012,BD201213,Sultanpur,
BD30827694,BD3082,BD308276,Sultanpur,
BD60919476,BD6091,BD609194,Sultanpur,
BD60908999,BD6090,BD609089,Sunamganj Paurashava,
BD20193694,BD2019,BD201936,Sundalpur,
BD20754795,BD2075,BD207547,Sundalpur,
BD55773485,BD5577,BD557734,Sundar Dighi,
BD40015889,BD4001,BD400158,Sundarban,
BD55276486,BD5527,BD552764,Sundarban,
BD55329199,BD5532,BD553291,Sundarganj Paurashava,
BD20153395,BD2015,BD201533,Sundarpur,
BD50706694,BD5070,BD507066,Sundarpur,
BD55275679,BD5527,BD552756,Sundarpur,
BD40443333,BD4044,BD404433,Sundarpur Durgapur,
BD40410427,BD4041,BD404104,Sundoli,
BD40015883,BD4001,BD400158,Suniltala,
BD20221687,BD2022,BD202216,Surajpur Manikpur,
BD40441994,BD4044,BD404419,Surat,
BD10783895,BD1078,BD107838,Surjyamani,
BD40471283,BD4047,BD404712,Surkhali,
BD60903381,BD6090,BD609033,Surma,
BD60908977,BD6090,BD609089,Surma,
BD30562894,BD3056,BD305628,Sutalari,
BD30261884,BD3026,BD302618,Sutar Para,
BD30484294,BD3048,BD304842,Sutar Para,
BD40471773,BD4047,BD404717,Sutarkhali,
BD30261494,BD3026,BD302614,Suti Para,
BD10798785,BD1079,BD107987,Sutiakati,
BD30333285,BD3033,BD303332,Sutrapur,
BD45612494,BD4561,BD456124,Swadeshi,
BD20031463,BD2003,BD200314,Swalak,
BD40411143,BD4041,BD404111,Swarupdaha,
BD40447189,BD4044,BD404471,Swaruppur,
BD60904785,BD6090,BD609047,Syed Pur,
BD40477581,BD4047,BD404775,T. S. Bahirdia,
BD55499478,BD5549,BD554994,Tabakpur,
BD10092195,BD1009,BD100921,Tabgi,
BD30290384,BD3029,BD302903,Tagarbanda,
BD40441484,BD4044,BD404414,Taherhuda,
BD60909264,BD6090,BD609092,Tahirpur,
BD50811200,BD5081,BD508112,Tahirpur Paurashava,
BD20467083,BD2046,BD204670,Taindang,
BD20225696,BD2022,BD202256,Taitong,
BD50699187,BD5069,BD506991,Tajpur,
BD60910888,BD6091,BD609108,Tajpur,
BD40879087,BD4087,BD408790,Tala,
BD50888973,BD5088,BD508889,Talam,
BD50819481,BD5081,BD508194,Talanda,
BD40509494,BD4050,BD405094,Talbaria,
BD30489281,BD3048,BD304892,Talganga,
BD30568294,BD3056,BD305682,Talibpur,
BD60581494,BD6058,BD605814,Talimpur,
BD40558583,BD4055,BD405585,Talkhari,
BD45896776,BD4589,BD458967,Talki,
BD30296294,BD3029,BD302962,Talma,
BD50103367,BD5010,BD501033,Talora,
BD55323094,BD5532,BD553230,Taluk Kanupur,
BD20753695,BD2075,BD207536,Tamaruddin,
BD55857385,BD5585,BD558573,Tambulpur,
BD55854979,BD5585,BD558549,Tamphat,
BD20139593,BD2013,BD201395,Tamta Paschim,
BD20139595,BD2013,BD201395,Tamta Purba,
BD30939599,BD3093,BD309395,Tangail Paurashava,
BD55523395,BD5552,BD555233,Tangbhanga,
BD20031479,BD2003,BD200314,Tankabati,
BD20198191,BD2019,BD201981,Tanki,
BD50819499,BD5081,BD508194,Tanore Paurashava,
BD30598494,BD3059,BD305984,Tantar,
BD50768395,BD5076,BD507683,Tantibanda,
BD45899094,BD4589,BD458990,Tantihati,
BD55854987,BD5585,BD558549,Tapodhan,
BD30676899,BD3067,BD306768,Tarabo Paurashava,
BD30861494,BD3086,BD308614,Tarabunia,
BD20038976,BD2003,BD200389,Tarachha,
BD30936687,BD3093,BD309366,Tarafpur,
BD30489294,BD3048,BD304892,Tarail Sachail,
BD45618194,BD4561,BD456181,Tarakanda,
BD60902985,BD6090,BD609029,Taral,
BD40874794,BD4087,BD408747,Tarali,
BD30263877,BD3026,BD302638,Taranagar,
BD55329194,BD5532,BD553291,Tarapur,
BD50888984,BD5088,BD508889,Tarash,
BD45616594,BD4561,BD456165,Tarati,
BD30333686,BD3033,BD303336,Targaon,
BD55275694,BD5527,BD552756,Targaon,
BD55770481,BD5577,BD557704,Taria,
BD20132294,BD2013,BD201322,Tarpur Chandi,
BD20123383,BD2012,BD201233,Tarua,
BD45613190,BD4561,BD456131,Tarundia,
BD50696394,BD5069,BD506963,Tebaria,
BD30263886,BD3026,BD302638,Tegharia,
BD60364495,BD6036,BD603644,Tegharia,
BD50885094,BD5088,BD508850,Tekani,
BD50109584,BD5010,BD501095,Tekani Chukainagar,
BD20229063,BD2022,BD202290,Teknaf,
BD20229099,BD2022,BD202290,Teknaf Paurashava,
BD40016095,BD4001,BD400160,Teligati,
BD45720483,BD4572,BD457204,Teligati,
BD30338685,BD3033,BD303386,Telihati,
BD60912771,BD6091,BD609127,Telikhal,
BD10791483,BD1079,BD107914,Telikhali,
BD45612288,BD4561,BD456122,Tengaba,
BD30592484,BD3059,BD305924,Tenger Char,
BD60588073,BD6058,BD605880,Tengra,
BD40574794,BD4057,BD405747,Tentulbaria,
BD40879094,BD4087,BD408790,Tentulia,
BD45726384,BD4572,BD457263,Tentulia,
BD50644794,BD5064,BD506447,Tentulia,
BD50647987,BD5064,BD506479,Tentulia,
BD55273094,BD5527,BD552730,Tentulia,
BD55779081,BD5577,BD557790,Tentulia,
BD30567859,BD3056,BD305678,Teota,
BD55731295,BD5573,BD557312,Tepa Kharibari,
BD55854281,BD5585,BD558542,Tepa Madhupur,
BD55773495,BD5577,BD557734,Tepriganj,
BD40479481,BD4047,BD404794,Terokhada,
BD60913185,BD6091,BD609131,Tetli,
BD30267289,BD3026,BD302672,Tetuljhora,
BD20120488,BD2012,BD201204,Tezkhali,
BD45727494,BD4572,BD457274,Thakurakona,
BD50106784,BD5010,BD501067,Thalta Majhgram,
BD55490983,BD5549,BD554909,Thanahat,
BD20039557,BD2003,BD200395,Thanchi,
BD55499483,BD5549,BD554994,Thetroy,
BD10786683,BD1078,BD107866,Tiakhali,
BD20514387,BD2051,BD205143,Tiariganj,
BD45725684,BD4572,BD457256,Tiasree,
BD10795886,BD1079,BD107958,Tikikata,
BD60586595,BD6058,BD605865,Tilagaon,
BD55490695,BD5549,BD554906,Tilai,
BD50381379,BD5038,BD503813,Tilakpur,
BD50646094,BD5064,BD506460,Tilakpur,
BD40471784,BD4047,BD404717,Tildanga,
BD30567095,BD3056,BD305670,Tilli,
BD50648694,BD5064,BD506486,Tilna,
BD60911794,BD6091,BD609117,Tilpara,
BD20039576,BD2003,BD200395,Tindu,
BD20466787,BD2046,BD204667,Tintahari,
BD55779094,BD5577,BD557790,Tirnaihat,
BD45393689,BD4539,BD453936,Titpalla,
BD40182383,BD4018,BD401823,Titudaha,
BD30333694,BD3033,BD303336,Toke,
BD10798094,BD1079,BD107980,Tona,
BD30333000,BD3033,BD303330,Tongi Paurashava,
BD20513391,BD2051,BD205133,Torabgang,
BD60914184,BD6091,BD609141,Towakul,
BD40448088,BD4044,BD404480,Tribeni,
BD40443394,BD4044,BD404433,Trilochanpur,
BD40413885,BD4041,BD404138,Trimohini,
BD45619485,BD4561,BD456194,Trishal,
BD45619499,BD4561,BD456194,Trishal Paurashava,
BD20467076,BD2046,BD204670,Tubalchhari,
BD60916290,BD6091,BD609162,Tuker Bazar,
BD55857695,BD5585,BD558576,Tukuria,
BD40657694,BD4065,BD406576,Tularampur,
BD30866995,BD3086,BD308669,Tulasar,
BD45393695,BD4539,BD453936,Tulsir Char,
BD60916295,BD6091,BD609162,Tultikar,
BD20514389,BD2051,BD205143,Tum Char,
BD30333497,BD3033,BD303334,Tumulia,
BD10065194,BD1006,BD100651,Tungibaria,
BD30359199,BD3035,BD303591,Tungipara Paurashava,
BD55736494,BD5573,BD557364,Tupamari,
BD55523995,BD5552,BD555239,Tushbhandar,
BD10795894,BD1079,BD107958,Tushkhali,
BD30291094,BD3029,BD302910,Tuzarpur,
BD30936694,BD3093,BD309366,Uarsi,
BD60362695,BD6036,BD603626,Ubahata,
BD45613194,BD4561,BD456131,Uchakhila,
BD30670294,BD3067,BD306702,Uchitpur,
BD55322171,BD5532,BD553221,Udakhali,
BD10061084,BD1006,BD100610,Udaykati,
BD40015695,BD4001,BD400156,Udaypur,
BD50385885,BD5038,BD503858,Udaypur,
BD50889487,BD5088,BD508894,Udhunia,
BD40017394,BD4001,BD400173,Ujalkur,
BD30822976,BD3082,BD308229,Ujan Char,
BD40507994,BD4050,BD405079,Ujangram,
BD30355894,BD3035,BD303558,Ujani,
BD20225655,BD2022,BD202256,Ujantia,
BD20193195,BD2019,BD201931,Ujirpur,
BD30567871,BD3056,BD305678,Ulail,
BD10066294,BD1006,BD100662,Ulania,
BD40419094,BD4041,BD404190,Ulashi,
BD50889494,BD5088,BD508894,Ullah Para,
BD50889499,BD5088,BD508894,Ullah Para Paurashava,
BD30353290,BD3035,BD303532,Ulpur,
BD20467789,BD2046,BD204677,Ulta Chari,
BD30548794,BD3054,BD305487,Umedpur,
BD40448094,BD4044,BD404480,Umedpur,
BD40414795,BD4041,BD404147,Upasahar,
BD60587494,BD6058,BD605874,Upper Kagabala,
BD30353294,BD3035,BD303532,Urafi,
BD50105466,BD5010,BD501054,Urail,
BD55322183,BD5532,BD553221,Uria,
BD20157896,BD2015,BD201578,Urirchar,
BD20157488,BD2015,BD201574,Urkirchar,
BD45896785,BD4589,BD458967,Urpha,
BD45612294,BD4561,BD456122,Usthi,
BD30567883,BD3056,BD305678,Uthali,
BD40185576,BD4018,BD401855,Uthali,
BD55276494,BD5527,BD552764,Uthrail,
BD45611394,BD4561,BD456113,Uthura,
BD55854994,BD5585,BD558549,Uttam,
BD20120290,BD2012,BD201202,Uttar Akhaura,
BD20134711,BD2013,BD201347,Uttar Algi Durgapur,
BD60909271,BD6090,BD609092,Uttar Badaghat,
BD60909282,BD6090,BD609092,Uttar Badal,
BD60913877,BD6091,BD609138,Uttar Bade Pasha,
BD30686494,BD3068,BD306864,Uttar Bakharnagar,
BD20120494,BD2012,BD201204,Uttar Banchharampur,
BD60903290,BD6090,BD609032,Uttar Bangshikunda,
BD40475394,BD4047,BD404753,Uttar Bedkashi,
BD30294787,BD3029,BD302947,Uttar Channel,
BD60581480,BD6058,BD605814,Uttar Dakshinbhag,
BD20193621,BD2019,BD201936,Uttar Daudkandi,
BD20194035,BD2019,BD201940,Uttar Dhamti,
BD20224581,BD2022,BD202245,Uttar Dhurung,
BD10091865,BD1009,BD100918,Uttar Dighaldi,
BD20196794,BD2019,BD201967,Uttar Durgapur,
BD20193630,BD2019,BD201936,Uttar Elliotganj,
BD20134925,BD2013,BD201349,Uttar Gandharabpur,
BD20134541,BD2013,BD201345,Uttar Gobindapur,
BD20135823,BD2013,BD201358,Uttar Gohat,
BD20194053,BD2019,BD201940,Uttar Gunaighar,
BD20514375,BD2051,BD205143,Uttar Hamchadi,
BD20197494,BD2019,BD201974,Uttar Hawla,
BD20120791,BD2012,BD201207,Uttar Ichhapur,
BD20197442,BD2019,BD201974,Uttar Jhalam,
BD10092976,BD1009,BD100929,Uttar Joynagar,
BD20514395,BD2051,BD205143,Uttar Joypur,
BD20135839,BD2013,BD201358,Uttar Kachua,
BD20134950,BD2013,BD201349,Uttar Kalocho,
BD30269676,BD3026,BD302696,Uttar Khan,
BD20190963,BD2019,BD201909,Uttar Khosbas,
BD60902394,BD6090,BD609023,Uttar Khurma,
BD20153795,BD2015,BD201537,Uttar Madarsa,
BD20139560,BD2013,BD201395,Uttar Meher,
BD20121393,BD2012,BD201213,Uttar Natai,
BD20137656,BD2013,BD201376,Uttar Nayergaon,
BD20134565,BD2013,BD201345,Uttar Paikpara,
BD20129494,BD2012,BD201294,Uttar Panisar,
BD60361112,BD6036,BD603611,Uttar Paschim Baniyachang,
BD20190975,BD2019,BD201909,Uttar Payalgachha,
BD60361111,BD6036,BD603611,Uttar Purba Baniachang,
BD20134970,BD2013,BD201349,Uttar Rajargaon,
BD20198185,BD2019,BD201981,Uttar Ramchandrapur,
BD20139580,BD2013,BD201395,Uttar Roysree,
BD20134577,BD2013,BD201345,Uttar Rupsa,
BD10096571,BD1009,BD100965,Uttar Sakuchia,
BD60581485,BD6058,BD605814,Uttar Shahabajpur,
BD20190988,BD2019,BD201909,Uttar Shilmuri,
BD60909292,BD6090,BD609092,Uttar Sreepur,
BD20139585,BD2013,BD201395,Uttar Suchi Para,
BD60903285,BD6090,BD609032,Uttar Sukhair Rajapur,
BD20137660,BD2013,BD201376,Uttar Upadi,
BD60588084,BD6058,BD605880,Uttarbhag,
BD20197287,BD2019,BD201972,Uttardah,
BD50645095,BD5064,BD506450,Uttargram,
BD50708895,BD5070,BD507088,Uzirpur,
BD60905027,BD6090,BD609050,Vimkhali,
BD20843686,BD2084,BD208436,Wagga,
BD20155389,BD2015,BD201553,Wahedpur,
BD50694495,BD5069,BD506944,Walia,
BD10065101,BD1006,BD100651,Ward No-01,
BD20150601,BD2015,BD201506,Ward No-01,
BD30260601,BD3026,BD302606,Ward No-01,
BD30269501,BD3026,BD302695,Ward No-01,
BD40472101,BD4047,BD404721,Ward No-01,
BD50818501,BD5081,BD508185,Ward No-01,
BD60916201,BD6091,BD609162,Ward No-01,
BD10065102,BD1006,BD100651,Ward No-02,
BD20150602,BD2015,BD201506,Ward No-02,
BD30266402,BD3026,BD302664,Ward No-02,
BD60916202,BD6091,BD609162,Ward No-02,
BD40472102,BD4047,BD404721,Ward No-02 (part),
BD40474802,BD4047,BD404748,Ward No-02 (part),
BD10065103,BD1006,BD100651,Ward No-03,
BD20150603,BD2015,BD201506,Ward No-03,
BD30266403,BD3026,BD302664,Ward No-03,
BD40472103,BD4047,BD404721,Ward No-03,
BD50818503,BD5081,BD508185,Ward No-03,
BD60916203,BD6091,BD609162,Ward No-03,
BD10065104,BD1006,BD100651,Ward No-04,
BD20151904,BD2015,BD201519,Ward No-04,
BD30263004,BD3026,BD302630,Ward No-04,
BD40472104,BD4047,BD404721,Ward No-04,
BD60916204,BD6091,BD609162,Ward No-04,
BD10065105,BD1006,BD100651,Ward No-05,
BD20151905,BD2015,BD201519,Ward No-05,
BD30266405,BD3026,BD302664,Ward No-05,
BD40472105,BD4047,BD404721,Ward No-05,
BD50818505,BD5081,BD508185,Ward No-05,
BD60916205,BD6091,BD609162,Ward No-05,
BD10065106,BD1006,BD100651,Ward No-06,
BD20151906,BD2015,BD201519,Ward No-06,
BD30266406,BD3026,BD302664,Ward No-06,
BD40472106,BD4047,BD404721,Ward No-06,
BD50818506,BD5081,BD508185,Ward No-06,
BD60916206,BD6091,BD609162,Ward No-06,
BD10065107,BD1006,BD100651,Ward No-07,
BD20155707,BD2015,BD201557,Ward No-07,
BD40474507,BD4047,BD404745,Ward No-07,
BD50818507,BD5081,BD508185,Ward No-07,
BD60916207,BD6091,BD609162,Ward No-07,
BD30264807,BD3026,BD302648,Ward No-07 (Part),
BD10065108,BD1006,BD100651,Ward No-08,
BD30267408,BD3026,BD302674,Ward No-08,
BD40474508,BD4047,BD404745,Ward No-08,
BD50812208,BD5081,BD508122,Ward No-08,
BD60916208,BD6091,BD609162,Ward No-08,
BD20154308,BD2015,BD201543,Ward No-08 (part),
BD20155708,BD2015,BD201557,Ward No-08 (part),
BD10065109,BD1006,BD100651,Ward No-09,
BD30261109,BD3026,BD302611,Ward No-09,
BD40474509,BD4047,BD404745,Ward No-09,
BD50812209,BD5081,BD508122,Ward No-09,
BD60916209,BD6091,BD609162,Ward No-09,
BD20154309,BD2015,BD201543,Ward No-09 (Part),
BD20155509,BD2015,BD201555,Ward No-09 (Part),
BD10065110,BD1006,BD100651,Ward No-10,
BD20155510,BD2015,BD201555,Ward No-10,
BD30261110,BD3026,BD302611,Ward No-10,
BD40474510,BD4047,BD404745,Ward No-10,
BD60916210,BD6091,BD609162,Ward No-10,
BD50812210,BD5081,BD508122,Ward No-10 (part),
BD50818510,BD5081,BD508185,Ward No-10 (part),
BD10065111,BD1006,BD100651,Ward No-11,
BD30264811,BD3026,BD302648,Ward No-11,
BD40474511,BD4047,BD404745,Ward No-11,
BD50812211,BD5081,BD508122,Ward No-11,
BD60916211,BD6091,BD609162,Ward No-11,
BD20153511,BD2015,BD201535,Ward No-11 (Part),
BD20155511,BD2015,BD201555,Ward No-11 (Part),
BD10065112,BD1006,BD100651,Ward No-12,
BD30264812,BD3026,BD302648,Ward No-12,
BD40474512,BD4047,BD404745,Ward No-12,
BD50812212,BD5081,BD508122,Ward No-12,
BD60916212,BD6091,BD609162,Ward No-12,
BD20152812,BD2015,BD201528,Ward No-12 (Part),
BD20155512,BD2015,BD201555,Ward No-12 (Part),
BD10065113,BD1006,BD100651,Ward No-13,
BD20154313,BD2015,BD201543,Ward No-13,
BD30264813,BD3026,BD302648,Ward No-13,
BD40474513,BD4047,BD404745,Ward No-13,
BD50812213,BD5081,BD508122,Ward No-13,
BD60916213,BD6091,BD609162,Ward No-13,
BD10065114,BD1006,BD100651,Ward No-14,
BD20154314,BD2015,BD201543,Ward No-14,
BD40474514,BD4047,BD404745,Ward No-14,
BD50812214,BD5081,BD508122,Ward No-14,
BD60916214,BD6091,BD609162,Ward No-14,
BD30263014,BD3026,BD302630,Ward No-14 (part),
BD30264814,BD3026,BD302648,Ward No-14 (part),
BD10065115,BD1006,BD100651,Ward No-15,
BD40474515,BD4047,BD404745,Ward No-15,
BD50812215,BD5081,BD508122,Ward No-15,
BD60916215,BD6091,BD609162,Ward No-15,
BD30260815,BD3026,BD302608,Ward No-15 (part),
BD30263015,BD3026,BD302630,Ward No-15 (part),
BD30266415,BD3026,BD302664,Ward No-15 (part),
BD20154115,BD2015,BD201541,Ward No-15 (Part),
BD20155715,BD2015,BD201557,Ward No-15 (Part),
BD10065116,BD1006,BD100651,Ward No-16,
BD20154116,BD2015,BD201541,Ward No-16,
BD30263016,BD3026,BD302630,Ward No-16,
BD40478516,BD4047,BD404785,Ward No-16,
BD50812216,BD5081,BD508122,Ward No-16,
BD60916216,BD6091,BD609162,Ward No-16,
BD10065117,BD1006,BD100651,Ward No-17,
BD20151017,BD2015,BD201510,Ward No-17,
BD40478517,BD4047,BD404785,Ward No-17,
BD50819017,BD5081,BD508190,Ward No-17,
BD60916217,BD6091,BD609162,Ward No-17,
BD30260417,BD3026,BD302604,Ward No-17 (Part),
BD30263717,BD3026,BD302637,Ward No-17 (Part),
BD10065118,BD1006,BD100651,Ward No-18,
BD20151018,BD2015,BD201510,Ward No-18,
BD30262618,BD3026,BD302626,Ward No-18,
BD40478518,BD4047,BD404785,Ward No-18,
BD60916218,BD6091,BD609162,Ward No-18,
BD50812218,BD5081,BD508122,Ward No-18 (part),
BD50819018,BD5081,BD508190,Ward No-18 (part),
BD10065119,BD1006,BD100651,Ward No-19,
BD20151019,BD2015,BD201510,Ward No-19,
BD30262619,BD3026,BD302626,Ward No-19,
BD40478519,BD4047,BD404785,Ward No-19,
BD50812219,BD5081,BD508122,Ward No-19,
BD60916219,BD6091,BD609162,Ward No-19,
BD10065120,BD1006,BD100651,Ward No-20,
BD20154120,BD2015,BD201541,Ward No-20,
BD40478520,BD4047,BD404785,Ward No-20,
BD50812220,BD5081,BD508122,Ward No-20,
BD60916220,BD6091,BD609162,Ward No-20,
BD30262620,BD3026,BD302626,Ward No-20 (Part),
BD30269220,BD3026,BD302692,Ward No-20 (Part),
BD10065121,BD1006,BD100651,Ward No-21,
BD20154121,BD2015,BD201541,Ward No-21,
BD30260421,BD3026,BD302604,Ward No-21,
BD40475121,BD4047,BD404751,Ward No-21,
BD50812221,BD5081,BD508122,Ward No-21,
BD60916221,BD6091,BD609162,Ward No-21,
BD10065122,BD1006,BD100651,Ward No-22,
BD20154122,BD2015,BD201541,Ward No-22,
BD30266722,BD3026,BD302667,Ward No-22,
BD40475122,BD4047,BD404751,Ward No-22,
BD50812222,BD5081,BD508122,Ward No-22,
BD60916222,BD6091,BD609162,Ward No-22,
BD10065123,BD1006,BD100651,Ward No-23,
BD20152823,BD2015,BD201528,Ward No-23,
BD30266723,BD3026,BD302667,Ward No-23,
BD40475123,BD4047,BD404751,Ward No-23,
BD50812223,BD5081,BD508122,Ward No-23,
BD60916223,BD6091,BD609162,Ward No-23,
BD10065124,BD1006,BD100651,Ward No-24,
BD30263624,BD3026,BD302636,Ward No-24,
BD40475124,BD4047,BD404751,Ward No-24,
BD50812224,BD5081,BD508122,Ward No-24,
BD60916224,BD6091,BD609162,Ward No-24,
BD20152824,BD2015,BD201528,Ward No-24 (part),
BD20153524,BD2015,BD201535,Ward No-24 (part),
BD10065125,BD1006,BD100651,Ward No-25,
BD20153525,BD2015,BD201535,Ward No-25,
BD30263625,BD3026,BD302636,Ward No-25,
BD40478525,BD4047,BD404785,Ward No-25,
BD50812225,BD5081,BD508122,Ward No-25,
BD60916225,BD6091,BD609162,Ward No-25,
BD10065126,BD1006,BD100651,Ward No-26,
BD20153526,BD2015,BD201535,Ward No-26,
BD30263626,BD3026,BD302636,Ward No-26,
BD40478526,BD4047,BD404785,Ward No-26,
BD50812226,BD5081,BD508122,Ward No-26,
BD60916226,BD6091,BD609162,Ward No-26,
BD10065127,BD1006,BD100651,Ward No-27,
BD20152827,BD2015,BD201528,Ward No-27,
BD30266827,BD3026,BD302668,Ward No-27,
BD40475127,BD4047,BD404751,Ward No-27,
BD50812227,BD5081,BD508122,Ward No-27,
BD60916227,BD6091,BD609162,Ward No-27,
BD10065128,BD1006,BD100651,Ward No-28,
BD20152828,BD2015,BD201528,Ward No-28,
BD30266828,BD3026,BD302668,Ward No-28,
BD40475128,BD4047,BD404751,Ward No-28,
BD50814028,BD5081,BD508140,Ward No-28,
BD10065129,BD1006,BD100651,Ward No-29,
BD20152829,BD2015,BD201528,Ward No-29,
BD30266829,BD3026,BD302668,Ward No-29,
BD40475129,BD4047,BD404751,Ward No-29,
BD50814029,BD5081,BD508140,Ward No-29,
BD10065130,BD1006,BD100651,Ward No-30,
BD30266830,BD3026,BD302668,Ward No-30,
BD40475130,BD4047,BD404751,Ward No-30,
BD50814030,BD5081,BD508140,Ward No-30,
BD20152830,BD2015,BD201528,Ward No-30 (Part),
BD20154130,BD2015,BD201541,Ward No-30 (Part),
BD20154131,BD2015,BD201541,Ward No-31,
BD30265431,BD3026,BD302654,Ward No-31,
BD40475131,BD4047,BD404751,Ward No-31,
BD20154132,BD2015,BD201541,Ward No-32,
BD30265432,BD3026,BD302654,Ward No-32,
BD20154133,BD2015,BD201541,Ward No-33,
BD30265433,BD3026,BD302654,Ward No-33,
BD20154134,BD2015,BD201541,Ward No-34,
BD30265434,BD3026,BD302654,Ward No-34,
BD30265435,BD3026,BD302654,Ward No-35,
BD20151035,BD2015,BD201510,Ward No-35 (part),
BD20154135,BD2015,BD201541,Ward No-35 (part),
BD30266536,BD3026,BD302665,Ward No-36,
BD20152036,BD2015,BD201520,Ward No-36 (Part),
BD20152836,BD2015,BD201528,Ward No-36 (Part),
BD20152037,BD2015,BD201520,Ward No-37,
BD30269237,BD3026,BD302692,Ward No-37,
BD20152038,BD2015,BD201520,Ward No-38,
BD30269038,BD3026,BD302690,Ward No-38 (Part),
BD30269238,BD3026,BD302692,Ward No-38 (Part),
BD30269039,BD3026,BD302690,Ward No-39,
BD20152039,BD2015,BD201520,Ward No-39 (Part),
BD20156539,BD2015,BD201565,Ward No-39 (Part),
BD20156540,BD2015,BD201565,Ward No-40,
BD30268040,BD3026,BD302680,Ward No-40 (Part),
BD30269040,BD3026,BD302690,Ward No-40 (Part),
BD20156541,BD2015,BD201565,Ward No-41,
BD30268041,BD3026,BD302680,Ward No-41,
BD30265042,BD3026,BD302650,Ward No-42,
BD30260243,BD3026,BD302602,Ward No-43,
BD30265044,BD3026,BD302650,Ward No-44,
BD30265045,BD3026,BD302650,Ward No-45,
BD30260246,BD3026,BD302602,Ward No-46,
BD30265046,BD3026,BD302650,Ward No-46,
BD30262846,BD3026,BD302628,Ward No-46 (Part),
BD30265047,BD3026,BD302650,Ward No-47 (part),
BD30261647,BD3026,BD302616,Ward No-47 (Part),
BD30261648,BD3026,BD302616,Ward No-48 (Part),
BD30262848,BD3026,BD302628,Ward No-48 (Part),
BD30261649,BD3026,BD302616,Ward No-49,
BD30263350,BD3026,BD302633,Ward No-50,
BD30265051,BD3026,BD302650,Ward No-51 (part),
BD30263351,BD3026,BD302633,Ward No-51 (Part),
BD30266352,BD3026,BD302663,Ward No-52,
BD30266653,BD3026,BD302666,Ward No-53,
BD30266654,BD3026,BD302666,Ward No-54,
BD30266655,BD3026,BD302666,Ward No-55,
BD30267556,BD3026,BD302675,Ward No-56 (part),
BD30264256,BD3026,BD302642,Ward No-56 (Part),
BD30267557,BD3026,BD302675,Ward No-57,
BD30262858,BD3026,BD302628,Ward No-58,
BD30264259,BD3026,BD302642,Ward No-59,
BD30264260,BD3026,BD302642,Ward No-60,
BD30264261,BD3026,BD302642,Ward No-61,
BD30264262,BD3026,BD302642,Ward No-62,
BD30260563,BD3026,BD302605,Ward No-63 (Part),
BD30260963,BD3026,BD302609,Ward No-63 (Part),
BD30260964,BD3026,BD302609,Ward No-64,
BD30260965,BD3026,BD302609,Ward No-65,
BD30260566,BD3026,BD302605,Ward No-66 (Part),
BD30260966,BD3026,BD302609,Ward No-66 (Part),
BD30260567,BD3026,BD302605,Ward No-67 (part),
BD30260967,BD3026,BD302609,Ward No-67 (Part),
BD30260568,BD3026,BD302605,Ward No-68 (part),
BD30264068,BD3026,BD302640,Ward No-68 (Part),
BD30260569,BD3026,BD302605,Ward No-69,
BD30260570,BD3026,BD302605,Ward No-70,
BD30260571,BD3026,BD302605,Ward No-71 (Part),
BD30264071,BD3026,BD302640,Ward No-71 (Part),
BD30264072,BD3026,BD302640,Ward No-72,
BD30264073,BD3026,BD302640,Ward No-73,
BD30268874,BD3026,BD302688,Ward No-74,
BD30268875,BD3026,BD302688,Ward No-75,
BD30262476,BD3026,BD302624,Ward No-76 (Part),
BD30262976,BD3026,BD302629,Ward No-76 (Part),
BD30268877,BD3026,BD302688,Ward No-77,
BD30268878,BD3026,BD302688,Ward No-78,
BD30268879,BD3026,BD302688,Ward No-79,
BD30262480,BD3026,BD302624,Ward No-80 (Part),
BD30268880,BD3026,BD302688,Ward No-80 (Part),
BD30262481,BD3026,BD302624,Ward No-81,
BD30262482,BD3026,BD302624,Ward No-82,
BD30267683,BD3026,BD302676,Ward No-83,
BD30262984,BD3026,BD302629,Ward No-84,
BD30262985,BD3026,BD302629,Ward No-85,
BD30262986,BD3026,BD302629,Ward No-86,
BD30267687,BD3026,BD302676,Ward No-87,
BD30263288,BD3026,BD302632,Ward No-88,
BD30263289,BD3026,BD302632,Ward No-89,
BD30267690,BD3026,BD302676,Ward No-90,
BD30264291,BD3026,BD302642,Ward No-91,
BD30264292,BD3026,BD302642,Ward No-92,
BD30260698,BD3026,BD302606,Ward No-98 (rest. Area),
BD30260898,BD3026,BD302608,Ward No-98 (Rest. Area),
BD20139520,BD2013,BD201395,West Chitasi,
BD20229079,BD2022,BD202290,Whykong,
BD20302594,BD2030,BD203025,Yakubpur,
BD30267294,BD3026,BD302672,Yearpur,
BD50812547,BD5081,BD508125,Yusufpur,
BD60919485,BD6091,BD609194,Zakiganj,
BD60919499,BD6091,BD609194,Zakiganj Paurashava,
BD30869494,BD3086,BD308694,Zanjira,
BD30869499,BD3086,BD308694,Zanjira Paurashava,
BD50103381,BD5010,BD501033,Zianagar,
BD50385895,BD5038,BD503858,Zindarpur,
BD30263894,BD3026,BD302638,Zinjira,
BD20155395,BD2015,BD201553,Zorwarganj,